resident_id_m,approx_social_grade,country_of_birth_3a,economic_activity_status_10m,ethnic_group_tb_6a,health_in_general,hh_families_type_6a,hours_per_week_worked,in_full_time_education,industry_10a,iol22cd,legal_partnership_status_6a,occupation_10a,region,religion_tb,residence_type,resident_age_7d,sex,usual_short_student
PTS000000588097,4,1,1,4,1,4,4,2,4,-8,1,5,E12000003,2,1,4,2,1
PTS000000000320,-8,1,5,4,2,1,-8,2,7,-8,1,2,E12000005,2,1,7,2,1
PTS000000397448,-8,2,5,4,2,1,-8,2,7,-8,1,3,E12000002,2,1,7,2,1
PTS000000082442,-8,1,5,4,3,2,-8,2,8,-8,2,8,E12000006,2,1,7,1,1
PTS000000016066,4,1,8,4,2,1,-8,2,9,-8,1,9,E12000002,1,1,2,2,1
PTS000000294257,-8,2,5,1,4,2,-8,2,5,-8,2,1,E12000003,6,1,7,2,1
PTS000000356470,3,1,2,4,1,1,3,2,4,E13000002,1,5,E12000007,1,1,4,2,1
PTS000000259832,4,1,-8,4,1,3,-8,1,-8,-8,-8,-8,E12000003,2,1,1,1,1
PTS000000007691,3,1,1,4,1,2,3,2,5,-8,2,5,E12000003,1,1,4,2,1
PTS000000348026,4,2,1,4,1,1,2,2,7,-8,5,9,E12000006,2,1,5,1,1
PTS000000364161,2,1,1,4,3,2,1,2,5,-8,1,7,E12000003,2,1,2,1,1
PTS000000319995,2,2,1,4,1,1,4,2,8,-8,1,8,E12000006,8,1,2,2,1
PTS000000197349,2,1,-8,4,1,3,-8,1,-8,-8,-8,-8,E12000008,1,1,1,1,1
PTS000000008451,3,1,7,4,2,2,-8,2,-8,-8,2,-8,E12000003,2,1,5,1,1
PTS000000577822,-8,1,4,4,2,-8,1,1,8,-8,1,9,E12000001,1,2,2,1,1
PTS000000011850,-8,2,1,4,1,-8,3,2,2,-8,1,1,E12000002,2,2,4,1,1
PTS000000433627,2,1,1,4,1,2,4,2,5,-8,2,4,E12000004,2,1,3,2,1
PTS000000023050,3,1,-8,4,2,3,-8,1,-8,-8,-8,-8,E12000009,1,1,1,2,1
PTS000000023084,1,1,-8,3,1,4,-8,-8,-8,-8,-8,-8,E12000009,2,1,1,1,1
PTS000000022214,3,1,9,4,2,3,-8,2,-8,-8,1,-8,E12000009,1,1,2,1,1
PTS000000024293,2,1,8,4,4,2,-8,2,5,-8,2,1,E12000009,7,1,5,1,1
PTS000000021070,-8,1,5,4,3,1,-8,2,2,-8,1,9,E12000009,2,1,7,1,1
PTS000000019894,4,1,-8,4,1,3,-8,-8,-8,-8,-8,-8,E12000009,1,1,1,1,1
PTS000000020417,-8,1,2,4,2,2,2,2,2,-8,2,1,E12000009,1,1,7,2,1
PTS000000020101,3,1,1,4,2,2,3,2,8,-8,1,6,E12000009,1,1,5,1,1
PTS000000022635,1,2,1,4,1,5,3,2,8,-8,3,2,E12000009,9,1,4,2,1
PTS000000021151,4,1,-8,4,1,4,-8,1,-8,-8,-8,-8,E12000009,1,1,1,2,1
PTS000000021672,1,2,7,4,1,2,-8,2,-8,-8,2,-8,E12000009,2,1,5,1,1
PTS000000019779,4,1,1,4,2,3,3,2,5,-8,1,9,E12000009,1,1,2,1,1
PTS000000022934,3,1,2,4,1,2,1,2,7,-8,2,6,E12000009,6,1,5,1,1
PTS000000023994,4,2,-8,1,1,2,-8,-8,-8,-8,-8,-8,E12000009,2,1,1,2,1
PTS000000023826,1,1,1,4,1,3,4,2,7,-8,1,2,E12000009,2,1,3,1,1
PTS000000594001,3,1,2,4,1,3,3,2,9,-8,1,6,E12000009,1,1,4,1,1
PTS000000594093,3,1,1,4,1,3,2,2,5,-8,1,7,E12000009,2,1,3,1,1
PTS000000594081,3,1,1,4,1,1,3,2,8,-8,1,6,E12000009,2,1,3,1,1
PTS000000594774,-8,1,5,4,3,4,-8,2,-8,-8,5,-8,E12000009,2,1,7,1,1
PTS000000593786,1,1,-8,4,1,2,-8,1,-8,-8,-8,-8,E12000009,1,1,1,1,1
PTS000000592709,-8,1,5,4,2,2,-8,2,2,-8,2,3,E12000009,2,1,7,2,1
PTS000000593009,4,1,-8,4,1,3,-8,1,-8,-8,-8,-8,E12000009,1,1,1,1,1
PTS000000593349,2,1,1,4,1,2,2,2,7,-8,2,4,E12000009,2,1,5,1,1
PTS000000594518,1,1,1,4,1,2,1,2,8,-8,2,2,E12000009,2,1,4,1,1
PTS000000592675,1,1,1,4,1,2,1,2,8,-8,2,2,E12000009,9,1,4,1,1
PTS000000593000,1,1,6,4,1,2,-8,1,5,-8,1,7,E12000009,1,1,2,2,1
PTS000000595371,2,2,1,1,1,3,3,2,7,-8,1,2,E12000009,4,1,3,2,1
PTS000000595304,3,1,-8,4,1,2,-8,1,-8,-8,-8,-8,E12000009,2,1,1,1,1
PTS000000595075,2,2,2,1,1,4,4,2,5,-8,2,5,E12000009,1,1,7,1,1
PTS000000552216,-8,1,5,2,2,2,-8,2,-8,E13000001,2,-8,E12000007,6,1,7,2,1
PTS000000551576,1,1,1,5,1,2,4,2,9,E13000001,2,2,E12000007,1,1,6,2,1
PTS000000551451,1,2,6,5,1,5,-8,1,9,E13000001,1,2,E12000007,9,1,2,1,1
PTS000000552095,1,1,2,4,1,3,3,2,6,E13000001,1,2,E12000007,1,1,3,2,1
PTS000000552053,3,1,2,4,2,4,1,2,7,E13000001,1,9,E12000007,2,1,4,2,1
PTS000000550596,1,1,-8,1,2,2,-8,-8,-8,E13000001,-8,-8,E12000007,6,1,1,1,1
PTS000000551009,1,2,1,4,1,3,3,2,7,E13000001,1,2,E12000007,5,1,3,1,1
PTS000000368846,2,2,1,4,1,3,3,2,7,E13000001,1,3,E12000007,1,1,3,1,1
PTS000000367523,4,2,8,1,3,1,-8,2,5,E13000001,4,9,E12000007,6,1,5,2,1
PTS000000368427,3,1,1,2,2,4,3,2,8,E13000001,3,6,E12000007,2,1,6,1,1
PTS000000368452,1,1,2,4,1,2,1,2,6,E13000001,2,3,E12000007,2,1,7,2,1
PTS000000370039,2,1,6,4,2,2,-8,1,-8,E13000001,1,-8,E12000007,2,1,2,1,1
PTS000000368450,1,1,1,4,1,3,3,2,4,E13000001,1,3,E12000007,1,1,2,1,1
PTS000000367873,2,2,1,4,2,3,3,2,6,E13000001,4,2,E12000007,1,1,3,2,1
PTS000000367713,2,1,4,3,2,2,-8,1,-8,E13000001,1,-8,E12000007,2,1,2,1,1
PTS000000369710,2,2,3,4,2,3,-8,2,2,E13000001,1,2,E12000007,1,1,3,2,1
PTS000000041266,2,2,1,1,2,3,3,2,8,-8,1,2,E12000003,2,1,4,1,1
PTS000000040602,4,1,8,4,4,3,-8,2,5,-8,1,5,E12000003,1,1,3,1,1
PTS000000041703,1,1,5,4,1,2,-8,2,2,-8,2,2,E12000003,1,1,7,2,1
PTS000000040944,2,1,2,4,2,2,1,2,5,-8,2,7,E12000003,2,1,4,1,1
PTS000000042092,1,1,-8,1,1,2,-8,-8,-8,-8,-8,-8,E12000003,1,1,1,2,1
PTS000000394161,4,2,1,1,2,4,3,2,3,E13000002,2,9,E12000007,8,1,6,2,1
PTS000000393514,4,1,9,1,2,4,-8,2,8,E13000002,1,2,E12000007,9,1,3,1,1
PTS000000391722,2,1,-8,1,2,2,-8,1,-8,E13000002,-8,-8,E12000007,4,1,1,2,1
PTS000000392129,2,1,1,5,1,3,2,2,5,E13000002,1,1,E12000007,6,1,5,2,1
PTS000000392222,1,2,1,4,2,2,3,2,2,E13000002,2,4,E12000007,9,1,4,1,1
PTS000000392629,2,1,1,4,1,2,3,2,6,E13000002,2,3,E12000007,1,1,5,1,1
PTS000000391587,3,1,1,4,1,3,3,2,2,E13000002,1,6,E12000007,2,1,3,1,1
PTS000000391925,3,2,1,1,1,2,3,2,5,E13000002,2,5,E12000007,2,1,4,2,1
PTS000000393698,1,2,2,4,2,2,3,2,7,E13000002,2,2,E12000007,9,1,5,1,1
PTS000000393989,1,2,3,2,1,5,-8,2,-8,E13000002,1,-8,E12000007,2,1,3,2,1
PTS000000390752,2,1,1,4,2,1,3,2,6,E13000002,1,3,E12000007,2,1,5,2,1
PTS000000391506,1,1,1,4,1,3,3,2,7,E13000002,1,2,E12000007,1,1,3,1,1
PTS000000394256,2,1,1,2,2,1,2,2,8,E13000002,4,2,E12000007,2,1,6,1,1
PTS000000393762,1,1,1,4,2,1,3,2,4,E13000002,1,2,E12000007,1,1,3,2,1
PTS000000013666,3,1,2,4,2,2,1,2,2,-8,2,5,E12000008,2,1,6,1,1
PTS000000012813,1,1,-8,3,1,2,-8,1,-8,-8,-8,-8,E12000008,4,1,1,1,1
PTS000000013817,2,1,1,4,1,3,3,2,7,-8,3,3,E12000008,2,1,6,2,1
PTS000000012313,-8,2,5,4,2,2,-8,2,8,-8,2,3,E12000008,2,1,7,1,1
PTS000000012986,2,1,6,4,1,2,-8,1,5,-8,1,9,E12000008,2,1,2,1,1
PTS000000013456,2,2,-8,4,1,2,-8,1,-8,-8,-8,-8,E12000008,2,1,1,2,1
PTS000000012370,3,1,1,4,3,3,3,2,6,-8,1,9,E12000008,1,1,4,2,1
PTS000000490468,2,1,-8,4,1,2,-8,-8,-8,-8,-8,-8,E12000004,1,1,1,1,1
PTS000000492305,-8,2,5,1,2,2,-8,2,5,-8,2,5,E12000004,1,1,7,2,1
PTS000000490288,2,2,4,4,1,2,3,1,4,-8,2,5,E12000004,2,1,4,2,1
PTS000000490285,3,1,1,4,3,4,3,2,4,-8,4,4,E12000004,2,1,6,1,1
PTS000000490635,1,1,1,4,2,2,3,2,8,-8,2,2,E12000004,1,1,5,1,1
PTS000000491493,2,1,-8,4,1,2,-8,-8,-8,-8,-8,-8,E12000004,2,1,1,1,1
PTS000000493228,2,1,-8,4,1,2,-8,1,-8,-8,-8,-8,E12000004,1,1,1,2,1
PTS000000601308,3,1,7,4,4,2,-8,2,5,-8,2,9,E12000003,1,1,4,1,1
PTS000000600453,4,1,-8,4,1,4,-8,1,-8,-8,-8,-8,E12000003,1,1,1,2,1
PTS000000600068,3,1,2,4,2,3,3,2,7,-8,1,5,E12000003,1,1,5,2,1
PTS000000600221,3,1,2,4,1,3,3,2,9,-8,1,6,E12000003,1,1,4,2,1
PTS000000601182,4,1,-8,4,1,4,-8,1,-8,-8,-8,-8,E12000003,1,1,1,1,1
PTS000000602068,4,1,3,4,3,5,-8,2,-8,-8,3,-8,E12000003,2,1,5,1,1
PTS000000147376,4,1,1,4,1,2,3,2,5,-8,1,1,E12000008,1,1,2,1,1
PTS000000601607,4,2,1,4,2,3,3,2,5,-8,1,9,E12000003,2,1,2,2,1
PTS000000147929,1,2,1,4,2,2,3,2,8,-8,2,2,E12000008,2,1,5,1,1
PTS000000147843,1,2,1,4,1,2,2,2,7,-8,2,9,E12000008,9,1,6,1,1
PTS000000146223,3,1,1,4,1,2,1,2,7,-8,2,4,E12000008,2,1,5,1,1
PTS000000145861,-8,1,5,4,1,1,-8,2,2,-8,1,7,E12000008,2,1,7,1,1
PTS000000148040,1,1,1,4,3,1,4,2,4,-8,4,2,E12000008,1,1,6,2,1
PTS000000147446,2,1,1,4,2,3,3,2,8,-8,1,3,E12000008,1,1,3,1,1
PTS000000145710,3,1,1,4,1,5,3,2,8,-8,1,2,E12000008,1,1,3,2,1
PTS000000145965,2,1,4,4,2,1,-8,1,8,-8,1,2,E12000008,1,1,3,1,1
PTS000000015249,3,1,2,4,1,2,3,2,5,-8,2,7,E12000002,1,1,5,2,1
PTS000000014154,2,1,1,1,2,2,3,2,5,-8,2,3,E12000002,9,1,4,2,1
PTS000000014269,4,1,8,4,5,1,-8,2,3,-8,1,8,E12000002,1,1,5,2,1
PTS000000016014,-8,1,5,4,1,1,-8,2,2,-8,5,1,E12000002,1,1,7,2,1
PTS000000013992,1,1,1,4,3,2,1,2,5,-8,1,9,E12000002,2,1,2,2,1
PTS000000016044,1,1,7,4,2,3,-8,2,6,-8,1,9,E12000002,1,1,6,1,1
PTS000000249300,4,1,7,4,1,1,-8,2,-8,-8,1,-8,E12000009,2,1,4,1,1
PTS000000248838,3,1,1,4,2,2,3,2,5,-8,2,8,E12000009,1,1,6,2,1
PTS000000249927,-8,1,5,4,2,2,-8,2,2,-8,2,8,E12000009,2,1,7,1,1
PTS000000249483,2,1,-8,2,1,2,-8,-8,-8,-8,-8,-8,E12000009,6,1,1,2,1
PTS000000249953,4,1,8,4,2,1,-8,2,-8,-8,1,-8,E12000009,1,1,4,2,1
PTS000000250184,1,1,4,4,1,2,-8,1,5,-8,1,4,E12000009,1,1,2,2,1
PTS000000248940,1,2,1,4,1,3,4,2,2,-8,1,1,E12000009,2,1,6,2,1
PTS000000249105,4,1,3,4,3,4,-8,2,7,-8,5,3,E12000009,1,1,6,1,1
PTS000000248366,2,1,1,4,1,2,3,2,8,-8,2,2,E12000009,2,1,4,1,1
PTS000000250303,1,1,1,4,2,2,2,2,7,-8,2,3,E12000009,2,1,4,1,1
PTS000000250262,4,1,1,4,1,2,3,2,7,-8,2,7,E12000009,1,1,3,2,1
PTS000000250320,4,1,7,3,2,2,-8,2,6,-8,2,3,E12000009,6,1,4,1,1
PTS000000199282,3,1,-8,1,2,2,-8,1,-8,-8,-8,-8,E12000008,6,1,1,1,1
PTS000000199271,4,1,1,1,3,1,2,2,5,-8,4,7,E12000008,6,1,4,1,1
PTS000000197934,1,-8,-8,-8,-8,2,-8,1,-8,-8,1,-8,E12000008,-8,1,2,2,2
PTS000000198105,2,1,2,4,1,2,3,2,6,-8,2,2,E12000008,2,1,6,1,1
PTS000000199670,1,1,4,3,1,2,1,1,5,-8,1,9,E12000008,1,1,2,1,1
PTS000000198706,-8,1,5,4,2,2,-8,2,2,-8,2,1,E12000008,1,1,7,2,1
PTS000000493645,1,1,1,4,2,2,3,2,4,-8,2,4,E12000004,9,1,4,1,1
PTS000000493774,-8,2,5,4,3,2,-8,2,6,-8,2,4,E12000004,2,1,7,1,1
PTS000000560397,4,1,1,4,1,2,3,2,5,-8,2,8,E12000009,2,1,5,2,1
PTS000000560454,4,1,-8,4,1,2,-8,1,-8,-8,-8,-8,E12000009,1,1,1,1,1
PTS000000560425,2,1,6,4,2,4,-8,1,-8,-8,1,-8,E12000009,1,1,2,2,1
PTS000000559607,1,1,-8,4,1,3,-8,1,-8,-8,-8,-8,E12000009,1,1,1,2,1
PTS000000559486,1,1,1,4,2,2,2,2,8,-8,2,2,E12000009,2,1,5,1,1
PTS000000559253,3,1,7,4,1,2,-8,2,8,-8,2,6,E12000009,1,1,5,1,1
PTS000000559262,4,1,-8,4,1,3,-8,1,-8,-8,-8,-8,E12000009,1,1,1,1,1
PTS000000559332,4,1,1,4,2,1,3,2,7,-8,1,9,E12000009,2,1,6,2,1
PTS000000457138,3,1,6,1,2,2,-8,1,2,-8,1,8,E12000005,6,1,2,2,1
PTS000000455962,-8,1,5,4,3,4,-8,2,5,-8,5,9,E12000005,1,1,7,2,1
PTS000000455411,4,1,-8,4,1,2,-8,1,-8,-8,-8,-8,E12000005,2,1,1,1,1
PTS000000458030,3,2,6,2,1,3,-8,1,-8,-8,1,-8,E12000005,2,1,2,1,1
PTS000000457744,-8,1,8,1,4,4,-8,2,2,-8,4,5,E12000005,7,1,5,2,1
PTS000000456180,4,1,6,1,2,4,-8,1,7,-8,1,9,E12000005,6,1,2,2,1
PTS000000456987,3,1,1,1,1,2,3,2,4,-8,1,3,E12000005,7,1,3,2,1
PTS000000489525,4,2,5,1,3,1,-8,2,-8,-8,2,-8,E12000008,1,1,6,1,1
PTS000000488916,2,2,1,4,1,2,1,2,6,-8,2,6,E12000008,2,1,5,1,1
PTS000000489483,-8,1,1,4,2,2,3,2,5,-8,1,7,E12000008,2,1,5,1,1
PTS000000056167,1,1,1,4,3,5,3,2,8,E13000001,1,2,E12000007,1,1,5,1,1
PTS000000056192,1,1,-8,4,1,2,-8,1,-8,E13000001,-8,-8,E12000007,2,1,1,2,1
PTS000000057682,2,1,1,4,1,5,3,2,8,E13000001,1,4,E12000007,1,1,3,2,1
PTS000000056708,-8,1,5,4,1,1,-8,2,9,E13000001,4,2,E12000007,1,1,7,1,1
PTS000000057775,2,1,1,4,1,3,3,2,7,E13000001,1,3,E12000007,2,1,3,2,1
PTS000000056033,1,1,-8,4,1,2,-8,1,-8,E13000001,-8,-8,E12000007,2,1,1,2,1
PTS000000057152,1,2,1,4,1,2,4,2,7,E13000001,2,1,E12000007,2,1,5,2,1
PTS000000057056,-8,1,5,4,2,2,-8,2,6,E13000001,2,1,E12000007,2,1,7,2,1
PTS000000056145,1,1,1,4,1,2,3,2,7,E13000001,2,1,E12000007,1,1,5,2,1
PTS000000057865,1,1,1,4,2,3,4,2,9,E13000001,1,1,E12000007,1,1,3,1,1
PTS000000256102,3,1,1,4,2,1,3,2,8,-8,1,9,E12000002,2,1,5,2,1
PTS000000256219,1,1,1,4,1,4,3,2,8,-8,4,2,E12000002,1,1,5,1,1
PTS000000472885,3,1,1,4,2,3,3,2,4,-8,1,9,E12000008,1,1,3,2,1
PTS000000473074,3,1,-8,4,1,2,-8,-8,-8,-8,-8,-8,E12000008,2,1,1,1,1
PTS000000473372,2,1,-8,4,1,3,-8,-8,-8,-8,-8,-8,E12000008,1,1,1,2,1
PTS000000473059,-8,1,5,4,2,2,-8,2,3,-8,2,4,E12000008,2,1,7,1,1
PTS000000311496,4,1,1,4,1,4,3,2,8,-8,1,1,E12000002,2,1,3,2,1
PTS000000314173,2,1,6,4,1,3,-8,1,-8,-8,1,-8,E12000002,1,1,2,1,1
PTS000000314633,2,1,7,4,1,2,-8,2,8,-8,2,2,E12000002,2,1,4,1,1
PTS000000314509,-8,1,8,4,4,5,-8,2,-8,-8,1,-8,E12000002,2,1,7,2,1
PTS000000314010,4,1,8,4,2,4,-8,2,-8,-8,1,-8,E12000002,2,1,5,1,1
PTS000000312232,2,1,-8,4,2,2,-8,1,-8,-8,-8,-8,E12000002,2,1,1,1,1
PTS000000314914,2,1,1,4,4,2,3,2,2,-8,2,2,E12000002,2,1,6,2,1
PTS000000314507,4,1,-8,4,1,3,-8,1,-8,-8,-8,-8,E12000002,1,1,1,1,1
PTS000000313915,-8,1,5,4,2,1,-8,2,6,-8,1,2,E12000002,2,1,7,2,1
PTS000000312467,2,1,3,1,2,1,-8,2,8,-8,3,6,E12000002,2,1,6,1,1
PTS000000314181,2,1,-8,4,1,3,-8,1,-8,-8,-8,-8,E12000002,2,1,1,1,1
PTS000000314002,4,1,8,4,3,4,-8,2,-8,-8,1,-8,E12000002,2,1,3,2,1
PTS000000312552,3,1,-8,4,2,4,-8,1,-8,-8,-8,-8,E12000002,2,1,1,2,1
PTS000000311609,2,1,1,4,3,4,3,2,7,-8,3,3,E12000002,2,1,6,1,1
PTS000000312425,1,1,1,3,1,1,1,2,5,-8,1,1,E12000002,1,1,3,1,1
PTS000000314328,3,1,6,4,3,3,-8,1,5,-8,1,9,E12000002,1,1,2,1,1
PTS000000321993,4,1,6,4,1,4,-8,1,-8,-8,1,-8,E12000002,1,1,2,1,1
PTS000000321047,4,1,1,4,1,2,2,2,8,-8,2,9,E12000002,2,1,6,1,1
PTS000000322281,2,1,6,4,1,2,-8,1,-8,-8,1,-8,E12000002,2,1,2,1,1
PTS000000322521,3,1,2,4,3,4,3,2,2,-8,1,9,E12000002,2,1,5,1,1
PTS000000321446,1,1,1,4,1,5,3,2,5,-8,1,2,E12000002,2,1,4,1,1
PTS000000321442,-8,1,5,4,2,1,-8,2,2,-8,5,9,E12000002,2,1,7,1,1
PTS000000321579,2,1,1,4,1,4,3,2,8,-8,1,6,E12000002,1,1,4,1,1
PTS000000321766,4,1,4,4,1,4,1,1,5,-8,1,9,E12000002,1,1,2,1,1
PTS000000321664,3,-8,-8,-8,-8,1,-8,1,-8,-8,-8,-8,E12000002,-8,1,1,1,2
PTS000000499107,2,1,1,4,2,2,3,2,7,-8,2,3,E12000002,1,1,4,1,1
PTS000000322754,1,1,-8,4,1,2,-8,1,-8,-8,-8,-8,E12000002,2,1,1,1,1
PTS000000321480,1,1,2,4,1,2,2,2,8,-8,2,1,E12000002,2,1,6,2,1
PTS000000498490,4,1,1,4,1,4,2,2,5,-8,1,9,E12000002,2,1,3,1,1
PTS000000322758,2,1,-8,4,1,2,-8,1,-8,-8,-8,-8,E12000002,2,1,1,2,1
PTS000000498902,1,1,-8,4,1,2,-8,1,-8,-8,-8,-8,E12000002,2,1,1,1,1
PTS000000499212,-8,1,5,4,1,1,-8,2,8,-8,4,9,E12000002,2,1,7,2,1
PTS000000498017,-8,1,5,4,2,2,-8,2,-8,-8,2,-8,E12000002,2,1,7,2,1
PTS000000499413,2,2,2,1,2,2,4,2,5,-8,2,1,E12000002,2,1,6,2,1
PTS000000499071,2,1,4,4,1,2,1,1,5,-8,1,7,E12000002,2,1,2,1,1
PTS000000036489,3,1,1,4,1,3,3,2,2,-8,1,5,E12000002,1,1,5,2,1
PTS000000037427,1,1,-8,4,2,2,-8,1,-8,-8,-8,-8,E12000002,2,1,1,2,1
PTS000000036885,4,1,6,4,1,4,-8,1,-8,-8,1,-8,E12000002,1,1,2,1,1
PTS000000036686,2,1,1,4,1,2,3,2,6,-8,1,5,E12000002,2,1,3,2,1
PTS000000037276,-8,1,5,4,2,2,-8,2,8,-8,2,4,E12000002,2,1,7,2,1
PTS000000038130,2,1,1,4,2,2,2,2,7,-8,1,9,E12000002,2,1,4,2,1
PTS000000037264,1,1,2,4,1,2,3,2,8,-8,2,2,E12000002,2,1,5,2,1
PTS000000037914,2,1,1,4,1,2,3,2,8,-8,2,3,E12000002,2,1,4,2,1
PTS000000037166,2,1,1,4,2,4,3,2,8,-8,1,4,E12000002,9,1,5,1,1
PTS000000036833,4,1,8,4,4,1,-8,2,4,-8,1,9,E12000002,2,1,3,2,1
PTS000000037558,1,1,-8,4,1,2,-8,1,-8,-8,-8,-8,E12000002,2,1,1,1,1
PTS000000424555,3,1,1,4,2,2,4,2,6,-8,2,8,E12000002,9,1,5,2,1
PTS000000425358,3,-8,-8,-8,-8,2,-8,1,-8,-8,1,-8,E12000002,-8,1,2,1,2
PTS000000426281,2,1,1,4,2,2,3,2,7,-8,2,1,E12000002,2,1,6,2,1
PTS000000426415,3,1,-8,4,1,4,-8,1,-8,-8,-8,-8,E12000002,1,1,1,2,1
PTS000000424685,3,1,1,4,1,1,3,2,2,-8,1,8,E12000002,1,1,3,2,1
PTS000000424827,2,1,6,4,1,2,-8,1,5,-8,1,9,E12000002,1,1,2,2,1
PTS000000424485,2,1,1,4,2,3,3,2,8,-8,1,2,E12000002,1,1,4,1,1
PTS000000424619,2,1,1,4,1,2,3,2,7,-8,2,3,E12000002,2,1,3,1,1
PTS000000425960,-8,1,5,4,1,2,-8,2,6,-8,2,2,E12000002,2,1,7,2,1
PTS000000426539,2,1,1,4,3,3,3,2,4,-8,2,3,E12000002,2,1,6,1,1
PTS000000425656,4,1,1,4,1,2,3,2,5,-8,1,3,E12000002,2,1,2,2,1
PTS000000423936,-8,2,5,1,3,2,-8,2,8,-8,2,2,E12000002,1,1,7,1,1
PTS000000425061,-8,1,5,4,2,2,-8,2,8,-8,2,9,E12000002,1,1,7,1,1
PTS000000425191,2,1,-8,4,1,3,-8,-8,-8,-8,-8,-8,E12000002,2,1,1,1,1
PTS000000426603,2,1,-8,4,1,2,-8,1,-8,-8,-8,-8,E12000002,2,1,1,1,1
PTS000000517860,-8,1,3,4,1,3,-8,2,5,-8,1,7,E12000008,2,1,2,2,1
PTS000000517487,1,1,1,4,2,1,3,2,8,-8,1,2,E12000008,1,1,3,1,1
PTS000000516427,1,1,-8,4,1,2,-8,1,-8,-8,-8,-8,E12000008,2,1,1,1,1
PTS000000516670,3,1,1,4,1,3,2,2,8,-8,1,4,E12000008,1,1,3,1,1
PTS000000516505,2,1,9,4,2,3,-8,2,4,-8,1,5,E12000008,1,1,3,2,1
PTS000000067966,2,1,-8,1,1,2,-8,1,-8,-8,-8,-8,E12000001,6,1,1,1,1
PTS000000068645,3,1,-8,1,2,2,-8,1,-8,-8,-8,-8,E12000001,6,1,1,1,1
PTS000000067429,-8,1,5,4,2,2,-8,2,3,-8,2,3,E12000001,2,1,7,2,1
PTS000000067810,2,1,4,4,1,2,1,1,5,-8,1,9,E12000001,2,1,2,1,1
PTS000000068426,4,1,9,4,2,4,-8,2,-8,-8,1,-8,E12000001,1,1,2,1,1
PTS000000068396,-8,1,5,4,4,2,-8,2,-8,-8,2,-8,E12000001,2,1,7,2,1
PTS000000067430,4,1,1,4,2,2,3,2,8,-8,1,6,E12000001,2,1,3,1,1
PTS000000495037,4,1,-8,4,2,4,-8,-8,-8,E13000001,-8,-8,E12000007,1,1,1,2,1
PTS000000067503,3,1,-8,4,1,3,-8,1,-8,-8,-8,-8,E12000001,1,1,1,2,1
PTS000000496039,-8,2,5,2,3,1,-8,2,8,E13000001,5,2,E12000007,2,1,7,1,1
PTS000000497100,3,2,5,1,3,2,-8,2,2,E13000001,2,9,E12000007,6,1,7,2,1
PTS000000494872,1,1,1,4,2,3,4,2,8,E13000001,2,2,E12000007,1,1,4,1,1
PTS000000494695,2,2,1,1,1,2,3,2,7,E13000001,2,3,E12000007,6,1,5,2,1
PTS000000494435,3,2,1,5,1,2,3,2,8,E13000001,2,6,E12000007,6,1,4,1,1
PTS000000501140,3,1,-8,4,1,4,-8,1,-8,-8,-8,-8,E12000001,1,1,1,2,1
PTS000000499694,2,1,1,4,2,2,3,2,5,-8,2,2,E12000001,2,1,5,1,1
PTS000000500341,2,1,7,4,3,2,-8,2,8,-8,2,6,E12000001,2,1,6,1,1
PTS000000501203,2,1,1,4,2,1,3,2,8,-8,1,3,E12000001,1,1,4,1,1
PTS000000499612,2,1,1,4,2,2,3,2,2,-8,2,2,E12000001,1,1,6,2,1
PTS000000500409,-8,1,5,4,2,1,-8,2,8,-8,5,2,E12000001,2,1,7,1,1
PTS000000501337,3,1,-8,4,1,3,-8,-8,-8,-8,-8,-8,E12000001,9,1,1,1,1
PTS000000500400,-8,1,5,4,1,1,-8,2,7,-8,4,2,E12000001,2,1,7,2,1
PTS000000501054,1,1,7,4,1,2,-8,2,-8,-8,2,-8,E12000001,1,1,5,1,1
PTS000000499586,-8,1,5,4,2,2,-8,2,8,-8,2,2,E12000001,1,1,7,1,1
PTS000000500029,4,1,9,4,2,2,-8,2,5,-8,2,5,E12000001,1,1,5,2,1
PTS000000499791,2,1,-8,4,1,2,-8,-8,-8,-8,-8,-8,E12000001,1,1,1,2,1
PTS000000499668,-8,1,5,4,1,2,-8,2,7,-8,2,3,E12000001,1,1,7,2,1
PTS000000184295,1,1,1,4,2,3,3,2,8,E13000002,1,3,E12000007,1,1,3,1,1
PTS000000501646,1,1,1,4,1,2,3,2,7,-8,2,4,E12000001,2,1,6,1,1
PTS000000500748,-8,1,5,4,4,2,-8,2,5,-8,2,1,E12000001,2,1,7,2,1
PTS000000183947,2,1,6,4,1,2,-8,1,-8,E13000002,1,-8,E12000007,2,1,2,2,1
PTS000000184521,2,1,1,4,1,2,3,2,7,E13000002,2,1,E12000007,1,1,5,1,1
PTS000000183869,4,2,8,4,3,4,-8,2,4,E13000002,3,2,E12000007,2,1,4,2,1
PTS000000184621,1,1,2,4,1,2,2,2,8,E13000002,2,2,E12000007,2,1,3,2,1
PTS000000184136,4,2,3,1,2,2,-8,2,5,E13000002,2,9,E12000007,4,1,5,2,1
PTS000000185355,2,1,-8,4,2,2,-8,1,-8,E13000002,-8,-8,E12000007,1,1,1,1,1
PTS000000184498,3,2,1,5,2,2,2,2,5,E13000002,2,9,E12000007,4,1,4,1,1
PTS000000184170,4,2,1,2,2,1,1,2,8,E13000002,1,6,E12000007,2,1,6,1,1
PTS000000545785,-8,1,5,4,1,1,-8,2,8,-8,5,4,E12000008,2,1,7,1,1
PTS000000185209,1,1,1,4,2,2,3,2,7,E13000002,2,2,E12000007,1,1,4,2,1
PTS000000545791,2,1,1,4,1,3,2,2,2,-8,1,3,E12000008,1,1,5,1,1
PTS000000545822,-8,1,5,4,2,2,-8,2,6,-8,2,8,E12000008,1,1,7,2,1
PTS000000545170,4,2,5,1,2,2,-8,2,-8,-8,2,-8,E12000008,3,1,7,2,1
PTS000000545854,1,1,5,4,1,2,-8,2,7,-8,2,1,E12000008,2,1,6,2,1
PTS000000383689,-8,1,5,4,3,2,-8,2,7,-8,2,2,E12000008,1,1,7,2,1
PTS000000383290,3,2,1,4,2,3,3,2,6,-8,1,9,E12000008,9,1,5,2,1
PTS000000242594,-8,1,5,4,2,2,-8,2,2,-8,2,2,E12000002,2,1,7,2,1
PTS000000116825,4,1,1,4,2,2,3,2,7,-8,2,7,E12000003,1,1,5,1,1
PTS000000116837,2,1,1,4,1,3,3,2,5,-8,1,9,E12000003,1,1,3,2,1
PTS000000116604,-8,1,5,4,2,4,-8,2,-8,-8,4,-8,E12000003,9,1,7,2,1
PTS000000118569,3,1,4,4,1,2,2,1,5,-8,1,7,E12000003,1,1,2,1,1
PTS000000118286,2,1,2,4,1,3,2,2,9,-8,1,6,E12000003,1,1,3,1,1
PTS000000116783,3,1,6,4,3,4,-8,1,5,-8,1,9,E12000003,1,1,2,1,1
PTS000000119045,3,1,2,4,1,3,3,2,4,-8,1,5,E12000003,1,1,3,2,1
PTS000000117772,-8,1,5,4,3,1,-8,2,2,-8,5,9,E12000003,2,1,7,1,1
PTS000000117638,3,1,1,4,2,3,3,2,6,-8,1,5,E12000003,2,1,4,2,1
PTS000000116680,-8,1,5,4,2,2,-8,2,3,-8,2,2,E12000003,1,1,7,2,1
PTS000000118751,4,1,-8,3,1,4,-8,1,-8,-8,-8,-8,E12000003,6,1,1,2,1
PTS000000118616,4,2,1,4,1,2,3,2,2,-8,2,9,E12000003,2,1,5,2,1
PTS000000118342,3,1,4,4,1,2,2,1,5,-8,1,7,E12000003,1,1,2,1,1
PTS000000116560,4,1,1,4,2,2,2,2,5,-8,2,7,E12000003,9,1,3,1,1
PTS000000116376,4,1,8,4,4,1,-8,2,6,-8,4,9,E12000003,1,1,4,1,1
PTS000000116388,3,1,-8,4,1,2,-8,1,-8,-8,-8,-8,E12000003,2,1,1,1,1
PTS000000118800,3,1,2,3,2,3,3,2,4,-8,1,9,E12000003,1,1,3,2,1
PTS000000118510,2,1,1,4,1,2,3,2,8,-8,1,6,E12000003,1,1,2,2,1
PTS000000117156,2,1,4,4,2,5,-8,1,8,-8,1,9,E12000003,1,1,2,2,1
PTS000000358462,2,1,1,4,3,3,3,2,8,-8,4,2,E12000008,2,1,6,1,1
PTS000000358229,1,1,-8,4,1,3,-8,-8,-8,-8,-8,-8,E12000008,9,1,1,1,1
PTS000000359043,4,2,1,4,1,2,3,2,8,-8,2,3,E12000008,1,1,3,2,1
PTS000000269781,2,2,1,2,2,2,2,2,5,-8,2,7,E12000003,2,1,5,2,1
PTS000000267738,2,1,1,4,2,4,2,2,8,-8,5,3,E12000003,2,1,6,1,1
PTS000000270822,2,1,1,4,3,3,2,2,8,-8,1,3,E12000003,1,1,4,1,1
PTS000000268105,3,1,2,4,2,2,3,2,4,-8,2,5,E12000003,2,1,5,2,1
PTS000000358833,1,1,5,4,2,2,-8,2,5,-8,2,7,E12000008,2,1,7,1,1
PTS000000268491,4,1,1,4,2,1,2,2,5,-8,5,9,E12000003,1,1,6,1,1
PTS000000272709,4,2,3,2,1,3,-8,2,9,-8,1,1,E12000003,9,1,5,1,1
PTS000000272824,4,1,-8,4,1,4,-8,1,-8,-8,-8,-8,E12000003,1,1,1,1,1
PTS000000273753,2,2,1,2,1,2,3,2,7,-8,2,7,E12000003,2,1,6,2,1
PTS000000268569,2,1,2,4,2,1,2,2,5,-8,1,7,E12000003,2,1,5,1,1
PTS000000268893,3,2,1,2,2,2,3,2,4,-8,2,5,E12000003,2,1,4,2,1
PTS000000273110,1,-8,-8,-8,-8,2,-8,1,-8,-8,1,-8,E12000003,-8,1,2,2,2
PTS000000270741,1,1,1,4,1,3,3,2,8,-8,1,4,E12000003,1,1,3,2,1
PTS000000271029,2,1,1,4,2,2,3,2,8,-8,2,2,E12000003,1,1,5,1,1
PTS000000270067,3,1,1,4,1,3,3,2,7,-8,1,4,E12000003,1,1,3,1,1
PTS000000273715,4,1,1,4,1,3,2,2,8,-8,1,6,E12000003,2,1,5,2,1
PTS000000273565,2,2,4,4,1,5,-8,1,5,-8,1,9,E12000003,9,1,3,1,1
PTS000000269235,3,1,4,4,1,3,3,1,8,-8,1,2,E12000003,2,1,3,1,1
PTS000000270331,3,1,2,4,2,2,1,2,9,-8,2,3,E12000003,1,1,5,1,1
PTS000000269149,1,1,5,4,2,2,-8,2,8,-8,2,2,E12000003,9,1,7,2,1
PTS000000270372,3,1,2,4,2,2,3,2,4,-8,2,5,E12000003,1,1,5,2,1
PTS000000272155,1,1,1,4,1,1,4,2,2,-8,1,4,E12000003,1,1,4,1,1
PTS000000271956,-8,1,5,4,3,2,-8,2,-8,-8,2,-8,E12000003,5,1,7,1,1
PTS000000271980,-8,1,5,4,2,2,-8,2,-8,-8,2,-8,E12000003,2,1,7,2,1
PTS000000269310,1,1,1,4,1,3,2,2,8,-8,1,2,E12000003,2,1,5,1,1
PTS000000275232,3,1,1,4,1,3,3,2,7,-8,1,8,E12000003,2,1,5,2,1
PTS000000271345,2,1,1,4,4,2,3,2,8,-8,2,2,E12000003,1,1,4,2,1
PTS000000270635,3,1,2,4,1,3,3,2,9,-8,1,6,E12000003,9,1,3,1,1
PTS000000272670,-8,1,5,4,2,1,-8,2,-8,-8,1,-8,E12000003,2,1,7,2,1
PTS000000267411,2,1,1,4,1,2,2,2,8,-8,2,4,E12000003,2,1,5,1,1
PTS000000274484,1,1,1,4,1,2,4,2,5,-8,2,2,E12000003,2,1,5,1,1
PTS000000085225,2,2,5,4,1,2,-8,2,-8,-8,2,-8,E12000004,2,1,7,2,1
PTS000000085467,-8,1,5,4,1,2,-8,2,-8,-8,2,-8,E12000004,2,1,7,2,1
PTS000000283209,-8,2,5,4,2,4,-8,2,8,-8,5,6,E12000002,2,1,7,1,1
PTS000000282720,4,1,2,4,3,2,1,2,4,-8,2,5,E12000002,2,1,6,2,1
PTS000000283446,2,1,-8,4,1,2,-8,1,-8,-8,-8,-8,E12000002,1,1,1,2,1
PTS000000282860,1,1,-8,3,1,3,-8,-8,-8,-8,-8,-8,E12000002,9,1,1,1,1
PTS000000284994,2,1,1,4,1,2,3,2,7,-8,2,3,E12000002,2,1,6,2,1
PTS000000282917,2,1,1,4,1,3,2,2,8,-8,1,2,E12000002,1,1,3,2,1
PTS000000286533,1,1,2,4,1,3,3,2,6,-8,1,2,E12000002,1,1,5,2,1
PTS000000282915,4,2,2,1,3,2,2,2,5,-8,2,8,E12000002,6,1,6,2,1
PTS000000286102,3,1,1,4,3,2,3,2,5,-8,2,9,E12000002,2,1,5,1,1
PTS000000286053,2,1,7,4,1,2,-8,2,6,-8,2,2,E12000002,1,1,6,2,1
PTS000000286640,1,1,-8,3,1,2,-8,-8,-8,-8,-8,-8,E12000002,1,1,1,1,1
PTS000000286727,2,1,-8,5,1,2,-8,-8,-8,-8,-8,-8,E12000002,6,1,1,1,1
PTS000000283623,3,1,1,4,2,2,3,2,5,-8,2,5,E12000002,2,1,5,1,1
PTS000000284714,4,1,1,1,1,4,2,2,5,-8,1,9,E12000002,1,1,2,2,1
PTS000000287875,3,2,-8,1,1,2,-8,1,-8,-8,-8,-8,E12000002,6,1,1,2,1
PTS000000285154,2,2,2,4,3,4,4,2,4,-8,3,1,E12000002,9,1,5,2,1
PTS000000586847,2,1,1,4,1,3,3,2,8,-8,1,2,E12000003,2,1,4,1,1
PTS000000585350,3,1,8,4,3,2,-8,2,8,-8,2,2,E12000003,2,1,6,1,1
PTS000000586530,1,1,-8,4,1,2,-8,-8,-8,-8,-8,-8,E12000003,1,1,1,2,1
PTS000000584864,2,1,1,1,1,2,3,2,8,-8,1,2,E12000003,6,1,3,2,1
PTS000000587846,2,1,2,4,2,2,4,2,4,-8,2,1,E12000003,2,1,3,2,1
PTS000000587067,1,1,1,4,2,2,3,2,8,-8,2,1,E12000003,1,1,6,2,1
PTS000000587822,2,1,6,4,4,5,-8,1,5,-8,1,9,E12000003,1,1,2,2,1
PTS000000587225,2,1,2,4,1,2,2,2,8,-8,2,3,E12000003,1,1,6,2,1
PTS000000586383,-8,1,5,4,2,2,-8,2,8,-8,2,5,E12000003,2,1,7,1,1
PTS000000587573,4,1,7,4,4,4,-8,2,-8,-8,3,-8,E12000003,2,1,6,1,1
PTS000000584992,4,1,-8,4,1,4,-8,-8,-8,-8,-8,-8,E12000003,1,1,1,1,1
PTS000000586271,1,1,1,4,1,2,3,2,8,-8,2,2,E12000003,1,1,4,1,1
PTS000000588095,-8,1,5,4,2,1,-8,2,4,-8,2,4,E12000003,2,1,7,1,1
PTS000000585020,3,1,1,4,1,3,3,2,4,-8,1,5,E12000003,1,1,3,2,1
PTS000000586980,2,1,1,4,1,2,3,2,9,-8,2,6,E12000003,1,1,4,1,1
PTS000000588330,2,1,1,1,1,2,3,2,8,-8,2,3,E12000003,6,1,5,2,1
PTS000000587315,-8,1,1,4,2,2,1,2,6,-8,2,5,E12000003,1,1,4,2,1
PTS000000584755,2,1,2,3,1,2,3,2,9,-8,2,6,E12000003,1,1,4,1,1
PTS000000586583,1,1,-8,4,1,2,-8,-8,-8,-8,-8,-8,E12000003,2,1,1,1,1
PTS000000173083,2,1,-8,4,1,4,-8,1,-8,-8,-8,-8,E12000005,1,1,1,1,1
PTS000000175985,4,1,5,4,2,2,-8,2,6,-8,2,2,E12000005,2,1,7,2,1
PTS000000173657,-8,1,5,4,1,2,-8,2,5,-8,2,4,E12000005,2,1,7,1,1
PTS000000174404,4,1,1,4,2,4,4,2,5,-8,3,9,E12000005,2,1,6,1,1
PTS000000173021,1,1,1,4,2,2,4,2,7,-8,2,1,E12000005,9,1,5,2,1
PTS000000174342,-8,1,2,4,2,2,2,2,6,-8,2,8,E12000005,2,1,7,2,1
PTS000000174779,3,1,1,4,2,4,4,2,5,-8,1,7,E12000005,9,1,2,1,1
PTS000000173407,-8,1,5,4,4,2,-8,2,-8,-8,2,-8,E12000005,2,1,7,1,1
PTS000000176031,4,1,-8,4,1,4,-8,1,-8,-8,-8,-8,E12000005,1,1,1,2,1
PTS000000176069,2,1,-8,4,1,3,-8,-8,-8,-8,-8,-8,E12000005,1,1,1,2,1
PTS000000556478,3,1,-8,4,1,2,-8,1,-8,E13000002,-8,-8,E12000007,1,1,1,1,1
PTS000000555684,-8,1,5,4,2,1,-8,2,8,E13000002,5,9,E12000007,2,1,7,1,1
PTS000000556293,-8,1,5,4,5,1,-8,2,8,E13000002,4,9,E12000007,2,1,7,1,1
PTS000000555302,4,1,7,3,4,4,-8,2,-8,E13000002,1,-8,E12000007,1,1,5,1,1
PTS000000504621,2,2,1,1,2,3,3,2,8,E13000001,1,2,E12000007,3,1,3,1,1
PTS000000503386,3,-8,-8,-8,-8,2,-8,1,-8,E13000001,1,-8,E12000007,-8,1,2,1,2
PTS000000502562,2,1,-8,4,1,2,-8,1,-8,E13000001,-8,-8,E12000007,2,1,1,2,1
PTS000000504503,1,2,2,4,2,1,2,2,8,E13000001,2,2,E12000007,2,1,5,1,1
PTS000000356216,1,2,2,3,2,2,3,2,7,E13000002,2,3,E12000007,2,1,4,1,1
PTS000000347389,3,1,1,4,2,2,3,2,8,-8,1,6,E12000006,1,1,2,1,1
PTS000000347456,3,1,7,4,3,2,-8,2,-8,-8,2,-8,E12000006,2,1,5,1,1
PTS000000347664,2,2,1,5,3,2,1,2,5,-8,2,7,E12000006,7,1,5,1,1
PTS000000357102,4,1,2,4,2,4,4,2,4,E13000002,1,1,E12000007,1,1,3,2,1
PTS000000347599,4,1,3,5,3,2,-8,2,7,-8,2,4,E12000006,2,1,5,1,1
PTS000000347562,3,1,2,4,1,2,3,2,9,-8,2,3,E12000006,9,1,4,2,1
PTS000000348231,2,1,-8,4,1,2,-8,-8,-8,-8,-8,-8,E12000006,1,1,1,1,1
PTS000000532686,1,1,6,4,1,2,-8,1,-8,E13000002,1,-8,E12000007,5,1,2,2,1
PTS000000531247,2,1,1,4,3,5,1,2,9,E13000002,1,4,E12000007,2,1,5,1,1
PTS000000533619,-8,2,5,4,2,2,-8,2,5,E13000002,2,7,E12000007,2,1,7,1,1
PTS000000532479,1,2,-8,3,1,2,-8,1,-8,E13000002,-8,-8,E12000007,2,1,1,2,1
PTS000000531887,2,1,1,2,1,3,3,2,8,E13000002,1,4,E12000007,1,1,3,1,1
PTS000000531658,1,1,-8,4,1,2,-8,-8,-8,E13000002,-8,-8,E12000007,9,1,1,2,1
PTS000000534175,2,-8,-8,-8,-8,5,-8,1,-8,E13000002,1,-8,E12000007,-8,1,2,1,2
PTS000000325450,4,1,-8,4,2,2,-8,1,-8,E13000002,-8,-8,E12000007,2,1,1,1,1
PTS000000533999,2,1,1,4,2,2,3,2,8,E13000002,2,4,E12000007,1,1,4,2,1
PTS000000323803,2,2,2,5,1,2,3,2,7,E13000002,2,1,E12000007,1,1,4,1,1
PTS000000325358,2,2,-8,5,1,2,-8,1,-8,E13000002,-8,-8,E12000007,9,1,1,2,1
PTS000000323160,2,1,-8,4,2,2,-8,-8,-8,E13000002,-8,-8,E12000007,9,1,1,2,1
PTS000000325833,4,1,-8,5,1,2,-8,1,-8,E13000002,-8,-8,E12000007,6,1,1,2,1
PTS000000323354,4,2,7,1,2,2,-8,2,8,E13000002,2,9,E12000007,4,1,6,1,1
PTS000000323499,-8,2,5,1,5,4,-8,2,7,E13000002,2,4,E12000007,6,1,7,1,1
PTS000000326146,1,1,1,4,1,3,3,2,6,E13000002,1,2,E12000007,1,1,3,2,1
PTS000000572028,3,2,9,4,1,2,-8,2,-8,E13000002,2,-8,E12000007,6,1,2,2,1
PTS000000572110,-8,2,1,2,2,5,2,2,6,E13000002,2,9,E12000007,9,1,7,2,1
PTS000000571424,2,1,-8,5,2,3,-8,-8,-8,E13000002,-8,-8,E12000007,2,1,1,2,1
PTS000000569464,-8,1,2,1,1,4,1,2,8,E13000002,2,4,E12000007,9,1,4,1,1
PTS000000570951,4,2,1,2,1,4,2,2,8,E13000002,1,6,E12000007,6,1,3,1,1
PTS000000570786,2,1,1,2,2,3,3,2,6,E13000002,4,1,E12000007,2,1,6,2,1
PTS000000569400,-8,1,1,4,1,2,4,2,5,E13000002,2,3,E12000007,2,1,7,2,1
PTS000000570729,2,1,1,2,1,4,3,2,7,E13000002,1,3,E12000007,2,1,4,1,1
PTS000000570127,2,1,1,1,1,2,3,2,8,E13000002,1,4,E12000007,4,1,3,1,1
PTS000000571808,3,1,-8,3,1,4,-8,-8,-8,E13000002,-8,-8,E12000007,2,1,1,1,1
PTS000000570162,2,1,1,4,2,2,3,2,7,E13000002,2,5,E12000007,1,1,5,2,1
PTS000000569950,-8,2,2,4,1,2,1,2,4,E13000002,2,2,E12000007,9,1,4,2,1
PTS000000571310,-8,1,2,4,3,2,1,2,6,E13000002,2,8,E12000007,2,1,7,2,1
PTS000000571691,4,1,8,2,3,1,-8,2,6,E13000002,1,8,E12000007,2,1,4,2,1
PTS000000569776,3,2,2,1,4,1,1,2,7,E13000002,4,5,E12000007,6,1,5,2,1
PTS000000308479,4,1,1,4,3,3,3,2,9,-8,1,6,E12000004,2,1,4,2,1
PTS000000308036,-8,1,5,4,3,3,-8,2,7,-8,3,3,E12000004,1,1,7,2,1
PTS000000308564,3,2,1,4,1,3,2,2,7,-8,1,9,E12000004,9,1,3,2,1
PTS000000308675,-8,2,6,4,2,-8,-8,1,5,-8,1,6,E12000004,1,2,2,2,1
PTS000000308021,1,1,1,4,4,1,3,2,8,-8,1,2,E12000004,1,1,6,2,1
PTS000000216182,4,1,-8,4,1,4,-8,-8,-8,-8,-8,-8,E12000009,1,1,1,1,1
PTS000000216134,1,1,5,4,2,2,-8,2,8,-8,2,2,E12000009,1,1,6,2,1
PTS000000090925,-8,1,5,4,2,2,-8,2,5,-8,2,2,E12000008,2,1,7,2,1
PTS000000092151,3,1,7,4,3,2,-8,2,8,-8,2,9,E12000008,1,1,5,1,1
PTS000000091962,2,1,1,4,2,3,3,2,7,-8,1,4,E12000008,1,1,4,1,1
PTS000000431853,2,1,1,4,2,2,3,2,8,-8,2,1,E12000005,1,1,5,2,1
PTS000000262908,2,1,4,2,1,4,2,1,8,-8,4,6,E12000005,6,1,4,1,1
PTS000000263042,-8,1,5,4,3,1,-8,2,8,-8,5,4,E12000005,2,1,7,1,1
PTS000000262855,2,1,-8,4,1,2,-8,1,-8,-8,-8,-8,E12000005,2,1,1,2,1
PTS000000263618,4,1,-8,4,1,4,-8,1,-8,-8,-8,-8,E12000005,1,1,1,1,1
PTS000000263416,2,2,2,4,1,2,3,2,5,-8,2,1,E12000005,2,1,3,2,1
PTS000000264004,1,1,7,4,4,2,-8,2,8,-8,2,6,E12000005,2,1,5,1,1
PTS000000262887,3,1,-8,4,5,2,-8,2,-8,-8,-8,-8,E12000005,2,1,1,1,1
PTS000000344573,3,1,7,4,2,2,-8,2,7,-8,2,4,E12000008,2,1,6,1,1
PTS000000341146,-8,1,5,4,4,2,-8,2,5,-8,2,3,E12000008,2,1,7,1,1
PTS000000340155,2,1,1,4,1,3,3,2,8,-8,1,2,E12000008,1,1,3,1,1
PTS000000340432,-8,1,5,4,2,1,-8,2,2,-8,5,7,E12000008,1,1,7,2,1
PTS000000341227,2,1,-8,1,1,2,-8,1,-8,-8,-8,-8,E12000008,6,1,1,1,1
PTS000000344892,1,1,-8,4,1,2,-8,-8,-8,-8,-8,-8,E12000008,9,1,1,1,1
PTS000000341504,2,1,1,4,3,3,2,2,5,-8,3,4,E12000008,9,1,5,1,1
PTS000000340163,-8,2,5,2,3,1,-8,2,-8,-8,5,-8,E12000008,2,1,7,1,1
PTS000000345164,2,1,-8,4,1,4,-8,-8,-8,-8,-8,-8,E12000008,1,1,1,1,1
PTS000000344894,3,1,1,4,2,2,2,2,5,-8,2,4,E12000008,2,1,4,1,1
PTS000000345055,4,1,1,4,1,4,2,2,9,-8,1,7,E12000008,1,1,2,1,1
PTS000000345156,2,1,2,4,2,5,2,2,5,-8,1,5,E12000008,9,1,3,2,1
PTS000000026912,1,-8,-8,-8,-8,2,-8,1,-8,-8,1,-8,E12000008,-8,1,2,2,2
PTS000000025735,2,1,1,4,1,2,3,2,8,-8,2,3,E12000008,2,1,5,2,1
PTS000000126064,2,1,2,4,3,2,3,2,5,-8,2,1,E12000008,1,1,5,2,1
PTS000000126899,4,2,4,4,2,2,1,1,5,-8,1,8,E12000008,2,1,2,2,1
PTS000000126125,3,1,-8,4,1,4,-8,1,-8,-8,-8,-8,E12000008,2,1,1,1,1
PTS000000126417,-8,1,4,1,2,4,-8,1,-8,-8,1,-8,E12000008,2,1,2,1,1
PTS000000126856,4,1,1,4,1,2,1,2,9,-8,2,6,E12000008,9,1,6,1,1
PTS000000126729,1,1,1,4,1,2,4,2,4,-8,2,5,E12000008,1,1,5,2,1
PTS000000126130,2,1,5,4,3,2,-8,2,8,-8,2,8,E12000008,1,1,6,1,1
PTS000000126991,1,2,1,4,3,2,3,2,2,-8,2,2,E12000008,2,1,5,1,1
PTS000000125364,2,1,2,4,1,2,1,2,9,-8,1,6,E12000008,1,1,2,1,1
PTS000000127152,2,1,1,4,2,3,3,2,8,-8,1,3,E12000008,1,1,3,1,1
PTS000000009546,3,1,-8,4,1,2,-8,1,-8,-8,-8,-8,E12000003,1,1,1,1,1
PTS000000109590,4,1,-8,1,1,2,-8,-8,-8,-8,-8,-8,E12000004,6,1,1,2,1
PTS000000111924,1,1,4,4,3,4,1,1,5,-8,1,9,E12000004,1,1,2,1,1
PTS000000111088,-8,1,5,4,2,2,-8,2,5,-8,2,1,E12000004,2,1,7,1,1
PTS000000110798,3,1,1,1,1,2,3,2,6,-8,2,3,E12000004,4,1,4,1,1
PTS000000111859,4,2,4,3,1,2,2,1,5,-8,1,9,E12000004,1,1,2,1,1
PTS000000110722,2,1,-8,1,1,2,-8,1,-8,-8,-8,-8,E12000004,7,1,1,2,1
PTS000000112243,3,1,-8,2,1,4,-8,-8,-8,-8,-8,-8,E12000004,6,1,1,1,1
PTS000000109452,1,2,1,1,1,3,3,2,6,-8,4,2,E12000004,4,1,6,2,1
PTS000000112288,4,2,7,1,2,2,-8,2,2,-8,2,8,E12000004,4,1,5,1,1
PTS000000109770,2,1,6,4,3,3,-8,1,6,-8,1,8,E12000004,1,1,2,2,1
PTS000000110690,1,1,1,4,1,2,2,2,8,-8,2,1,E12000004,1,1,4,1,1
PTS000000112063,3,2,2,1,1,2,2,2,2,-8,2,8,E12000004,6,1,6,2,1
PTS000000109881,3,2,1,1,1,2,2,2,2,-8,2,8,E12000004,4,1,4,1,1
PTS000000111578,2,2,6,2,2,4,-8,1,-8,-8,1,-8,E12000004,6,1,2,1,1
PTS000000109924,3,2,1,1,1,2,3,2,2,-8,2,8,E12000004,6,1,6,2,1
PTS000000110107,2,1,6,1,1,2,-8,1,-8,-8,1,-8,E12000004,6,1,2,1,1
PTS000000111159,4,1,-8,4,1,2,-8,-8,-8,-8,-8,-8,E12000004,2,1,1,1,1
PTS000000112022,4,2,4,4,2,3,-8,1,7,-8,1,9,E12000004,2,1,2,1,1
PTS000000059354,2,1,1,4,3,4,2,2,5,-8,1,7,E12000006,9,1,3,1,1
PTS000000059235,1,1,-8,4,1,2,-8,1,-8,-8,-8,-8,E12000006,2,1,1,1,1
PTS000000060211,2,1,1,4,3,1,3,2,8,-8,1,4,E12000006,1,1,5,2,1
PTS000000060206,1,1,-8,4,1,3,-8,1,-8,-8,-8,-8,E12000006,2,1,1,2,1
PTS000000381997,1,1,4,4,1,2,-8,1,5,-8,1,9,E12000004,1,1,2,2,1
PTS000000381413,2,1,1,4,1,5,3,2,8,-8,4,2,E12000004,1,1,6,1,1
PTS000000381600,-8,1,5,4,2,2,-8,2,8,-8,2,3,E12000004,2,1,7,2,1
PTS000000381370,4,1,-8,4,1,4,-8,1,-8,-8,-8,-8,E12000004,1,1,1,1,1
PTS000000381014,2,1,5,4,1,2,-8,2,5,-8,2,7,E12000004,2,1,6,2,1
PTS000000280168,4,1,-8,4,1,2,-8,1,-8,-8,-8,-8,E12000005,2,1,1,1,1
PTS000000280800,-8,1,5,4,2,1,-8,2,2,-8,5,5,E12000005,2,1,7,2,1
PTS000000281529,-8,1,5,4,2,2,-8,2,8,-8,2,2,E12000005,9,1,7,2,1
PTS000000280575,3,1,-8,1,1,2,-8,1,-8,-8,-8,-8,E12000005,6,1,1,1,1
PTS000000280973,4,1,-8,4,1,4,-8,1,-8,-8,-8,-8,E12000005,1,1,1,2,1
PTS000000280374,4,1,9,4,3,2,-8,2,2,-8,2,9,E12000005,1,1,6,2,1
PTS000000281161,3,1,2,4,1,1,2,2,4,-8,1,5,E12000005,1,1,3,2,1
PTS000000280600,1,1,1,4,1,2,3,2,9,-8,2,2,E12000005,1,1,3,2,1
PTS000000280485,2,1,8,1,4,2,-8,2,-8,-8,1,-8,E12000005,6,1,3,1,1
PTS000000281639,2,1,1,4,1,2,2,2,5,-8,1,7,E12000005,2,1,2,1,1
PTS000000281711,2,1,7,4,2,3,-8,2,6,-8,1,3,E12000005,1,1,3,2,1
PTS000000281441,2,1,1,4,2,2,3,2,8,-8,2,1,E12000005,2,1,5,1,1
PTS000000280521,4,1,-8,4,1,4,-8,-8,-8,-8,-8,-8,E12000005,2,1,1,1,1
PTS000000281437,-8,1,5,4,4,2,-8,2,9,-8,2,4,E12000005,2,1,7,1,1
PTS000000282481,4,1,-8,4,1,3,-8,1,-8,-8,-8,-8,E12000005,2,1,1,1,1
PTS000000144055,1,1,1,5,1,2,3,2,6,-8,2,2,E12000002,1,1,5,2,1
PTS000000374911,4,2,-8,2,1,4,-8,1,-8,-8,-8,-8,E12000001,2,1,1,1,1
PTS000000375484,2,1,6,4,2,5,-8,1,5,-8,1,9,E12000001,1,1,2,1,1
PTS000000375819,1,1,1,4,2,3,3,2,7,-8,1,2,E12000001,1,1,3,1,1
PTS000000374513,4,1,9,4,2,5,-8,2,8,-8,1,2,E12000001,1,1,3,1,1
PTS000000374963,2,1,-8,1,1,2,-8,1,-8,-8,-8,-8,E12000001,6,1,1,2,1
PTS000000375746,2,1,4,4,2,2,1,1,5,-8,1,5,E12000001,1,1,2,2,1
PTS000000375205,4,1,6,5,1,2,-8,1,-8,-8,1,-8,E12000001,6,1,2,2,1
PTS000000376099,2,2,4,5,2,5,-8,1,5,-8,1,7,E12000001,2,1,2,2,1
PTS000000374866,-8,1,5,4,2,2,-8,2,8,-8,2,7,E12000001,2,1,7,1,1
PTS000000374477,2,1,1,4,1,3,3,2,8,-8,1,6,E12000001,1,1,4,1,1
PTS000000237953,1,1,1,4,1,2,3,2,7,E13000001,2,2,E12000007,1,1,4,2,1
PTS000000237500,2,1,9,4,1,3,-8,2,5,E13000001,1,7,E12000007,2,1,2,1,1
PTS000000236927,2,2,1,1,2,2,3,2,8,E13000001,2,4,E12000007,9,1,4,2,1
PTS000000236529,2,2,1,1,2,5,2,2,5,E13000001,1,9,E12000007,1,1,5,1,1
PTS000000237846,1,1,1,4,1,3,4,2,7,E13000001,1,2,E12000007,1,1,3,1,1
PTS000000237765,2,1,-8,4,1,4,-8,1,-8,E13000001,-8,-8,E12000007,1,1,1,2,1
PTS000000427492,2,1,1,4,3,2,4,2,7,E13000002,2,4,E12000007,2,1,5,2,1
PTS000000237834,4,-8,-8,-8,-8,3,-8,1,-8,E13000001,-8,-8,E12000007,-8,1,1,2,2
PTS000000428200,-8,1,5,4,3,1,-8,2,7,E13000002,1,6,E12000007,2,1,7,1,1
PTS000000428633,4,1,-8,2,2,2,-8,1,-8,E13000002,-8,-8,E12000007,2,1,1,2,1
PTS000000428791,1,1,-8,1,2,2,-8,-8,-8,E13000002,-8,-8,E12000007,4,1,1,1,1
PTS000000428701,4,1,-8,2,1,4,-8,1,-8,E13000002,-8,-8,E12000007,2,1,1,1,1
PTS000000427344,-8,1,5,4,3,1,-8,2,8,E13000002,5,4,E12000007,2,1,7,1,1
PTS000000427069,-8,1,8,4,2,1,-8,2,8,E13000002,4,6,E12000007,1,1,7,1,1
PTS000000428679,2,1,1,4,2,1,3,2,8,E13000002,4,4,E12000007,2,1,6,1,1
PTS000000590475,2,2,7,5,3,2,-8,2,-8,E13000002,2,-8,E12000007,6,1,7,1,1
PTS000000521893,1,1,6,4,1,2,-8,1,-8,-8,1,-8,E12000001,2,1,2,2,1
PTS000000267049,1,1,-8,4,1,2,-8,1,-8,-8,-8,-8,E12000008,2,1,1,2,1
PTS000000163152,-8,1,7,4,3,2,-8,2,7,-8,2,9,E12000006,1,1,6,1,1
PTS000000088044,1,1,-8,4,1,2,-8,-8,-8,-8,-8,-8,E12000002,1,1,1,2,1
PTS000000013387,-8,1,5,4,2,1,-8,2,4,-8,4,2,E12000008,2,1,7,2,1
PTS000000179601,3,1,7,4,2,2,-8,2,2,-8,2,9,E12000006,9,1,6,1,1
PTS000000087789,3,2,-8,4,1,2,-8,1,-8,-8,-8,-8,E12000002,2,1,1,2,1
PTS000000597927,4,1,8,4,1,5,-8,2,-8,-8,1,-8,E12000008,1,1,6,1,1
PTS000000602468,2,1,1,4,1,2,3,2,6,-8,1,3,E12000003,1,1,2,1,1
PTS000000178287,-8,1,5,4,3,1,-8,2,5,-8,5,7,E12000005,2,1,7,1,1
PTS000000561248,3,1,1,4,2,2,3,2,5,-8,2,8,E12000003,2,1,5,2,1
PTS000000459144,3,1,1,4,1,2,3,2,7,-8,2,9,E12000009,2,1,5,2,1
PTS000000459140,2,2,1,4,2,2,3,2,8,-8,2,4,E12000009,2,1,4,1,1
PTS000000168441,4,1,8,4,2,1,-8,2,-8,-8,1,-8,E12000004,2,1,5,2,1
PTS000000103831,-8,1,5,4,2,2,-8,2,8,-8,2,9,E12000009,2,1,6,1,1
PTS000000189601,-8,1,5,4,1,3,-8,2,7,-8,4,1,E12000009,2,1,7,2,1
PTS000000108532,4,1,-8,4,1,5,-8,1,-8,-8,-8,-8,E12000004,2,1,1,1,1
PTS000000048766,2,2,4,5,1,4,1,1,7,E13000002,1,9,E12000007,6,1,4,1,1
PTS000000079317,1,1,2,4,1,2,1,2,8,-8,2,2,E12000002,2,1,4,1,1
PTS000000080301,2,1,-8,4,1,2,-8,1,-8,-8,-8,-8,E12000002,2,1,1,2,1
PTS000000121169,1,2,1,4,2,3,3,2,7,-8,1,2,E12000006,2,1,4,2,1
PTS000000236556,-8,2,6,5,1,4,-8,1,-8,E13000001,1,-8,E12000007,1,1,2,1,1
PTS000000563883,1,1,1,4,2,3,2,2,8,-8,1,6,E12000003,2,1,2,1,1
PTS000000497752,-8,1,5,4,2,2,-8,2,5,-8,2,9,E12000009,9,1,7,1,1
PTS000000027938,1,1,1,4,2,2,2,2,8,-8,2,4,E12000008,2,1,5,1,1
PTS000000385766,2,2,2,4,1,2,3,2,7,-8,2,1,E12000006,1,1,6,2,1
PTS000000556718,3,2,2,4,2,2,4,2,4,E13000002,2,9,E12000007,2,1,4,2,1
PTS000000252779,1,1,2,4,1,2,3,2,8,-8,2,2,E12000004,2,1,3,1,1
PTS000000235988,2,1,1,4,2,2,3,2,2,-8,2,3,E12000008,1,1,3,1,1
PTS000000250759,2,1,1,4,1,1,3,2,8,-8,1,4,E12000008,2,1,4,2,1
PTS000000541794,1,2,-8,4,1,2,-8,1,-8,E13000002,-8,-8,E12000007,2,1,1,1,1
PTS000000474667,4,1,-8,4,2,4,-8,1,-8,-8,-8,-8,E12000004,1,1,1,2,1
PTS000000279281,2,1,1,4,1,2,3,2,6,-8,2,9,E12000004,1,1,6,2,1
PTS000000279631,2,2,1,4,3,4,2,2,5,-8,1,7,E12000004,9,1,4,1,1
PTS000000035106,1,1,1,4,1,4,4,2,8,-8,1,2,E12000008,9,1,3,2,1
PTS000000035401,-8,1,5,4,1,2,-8,2,8,-8,2,2,E12000008,1,1,7,1,1
PTS000000004441,2,1,8,4,3,2,-8,2,5,-8,2,6,E12000004,1,1,6,1,1
PTS000000004602,2,1,-8,3,1,4,-8,1,-8,-8,-8,-8,E12000004,1,1,1,1,1
PTS000000553460,3,1,1,4,1,3,3,2,8,-8,1,3,E12000006,1,1,4,1,1
PTS000000534935,-8,1,1,4,2,2,2,2,5,-8,2,8,E12000003,1,1,7,2,1
PTS000000401699,2,1,7,4,2,2,-8,2,9,-8,2,6,E12000008,2,1,6,1,1
PTS000000487225,-8,1,5,4,2,1,-8,2,5,-8,5,7,E12000009,2,1,7,1,1
PTS000000474880,-8,1,5,4,2,2,-8,2,6,-8,2,2,E12000008,5,1,7,2,1
PTS000000193398,2,1,-8,4,1,2,-8,1,-8,-8,-8,-8,E12000009,1,1,1,1,1
PTS000000331721,2,1,-8,1,1,2,-8,1,-8,-8,-8,-8,E12000008,2,1,1,1,1
PTS000000388190,1,1,1,4,2,2,1,2,8,-8,2,2,E12000006,1,1,3,1,1
PTS000000387799,2,1,1,4,2,1,3,2,7,-8,1,4,E12000006,2,1,3,1,1
PTS000000558762,1,1,1,4,1,2,3,2,5,-8,2,3,E12000001,2,1,6,1,1
PTS000000388444,4,1,1,4,1,2,1,2,5,-8,2,7,E12000006,2,1,3,1,1
PTS000000001501,4,-8,-8,-8,-8,2,-8,1,-8,-8,1,-8,E12000009,-8,1,2,2,2
PTS000000188887,-8,1,5,4,3,2,-8,2,-8,-8,2,-8,E12000009,2,1,6,1,1
PTS000000437079,3,1,2,4,2,3,3,2,4,-8,4,5,E12000008,1,1,5,2,1
PTS000000144722,-8,1,5,4,2,2,-8,2,5,-8,2,7,E12000002,2,1,7,2,1
PTS000000220020,-8,1,5,4,3,1,-8,2,7,-8,4,9,E12000001,2,1,7,1,1
PTS000000342835,1,1,1,4,1,2,3,2,6,-8,2,2,E12000008,1,1,3,2,1
PTS000000191091,4,1,-8,4,1,3,-8,1,-8,-8,-8,-8,E12000009,2,1,1,1,1
PTS000000191753,4,1,1,4,1,4,3,2,7,-8,1,5,E12000009,9,1,2,2,1
PTS000000344663,4,1,1,4,2,3,3,2,5,-8,1,8,E12000008,2,1,5,2,1
PTS000000064306,-8,2,1,4,1,3,2,2,8,-8,1,2,E12000008,2,1,5,1,1
PTS000000342810,2,1,-8,4,1,2,-8,-8,-8,-8,-8,-8,E12000008,1,1,1,1,1
PTS000000449399,2,1,2,4,1,3,4,2,5,-8,1,5,E12000005,9,1,5,2,1
PTS000000343029,1,2,7,1,1,2,-8,2,9,-8,2,4,E12000008,7,1,6,1,1
PTS000000226528,1,1,-8,4,1,2,-8,-8,-8,-8,-8,-8,E12000002,2,1,1,1,1
PTS000000226759,4,1,-8,4,2,4,-8,1,-8,-8,-8,-8,E12000002,9,1,1,1,1
PTS000000227405,-8,1,5,4,2,2,-8,2,2,-8,2,3,E12000002,1,1,7,2,1
PTS000000471803,-8,1,2,4,1,2,2,2,7,-8,2,1,E12000003,2,1,7,2,1
PTS000000309709,2,1,1,4,1,1,3,2,7,-8,1,3,E12000005,1,1,2,2,1
PTS000000309491,2,1,1,4,1,2,3,2,5,-8,2,2,E12000005,3,1,4,1,1
PTS000000583508,2,2,-8,5,1,2,-8,1,-8,-8,-8,-8,E12000003,6,1,1,1,1
PTS000000060299,1,1,1,4,1,2,4,2,9,E13000002,2,2,E12000007,2,1,6,2,1
PTS000000564304,3,1,-8,4,1,3,-8,-8,-8,-8,-8,-8,E12000002,2,1,1,2,1
PTS000000529277,1,1,1,4,2,2,3,2,8,-8,2,2,E12000005,1,1,5,1,1
PTS000000188383,-8,1,5,4,2,2,-8,2,8,-8,2,1,E12000009,2,1,6,1,1
PTS000000133805,2,1,1,4,1,3,4,2,4,E13000001,1,1,E12000007,1,1,3,2,1
PTS000000338340,-8,1,1,4,1,2,3,2,7,-8,2,3,E12000008,2,1,6,1,1
PTS000000135033,4,1,9,4,3,1,-8,2,8,E13000001,4,6,E12000007,1,1,6,1,1
PTS000000344576,-8,1,5,4,1,2,-8,2,5,-8,2,1,E12000008,2,1,7,2,1
PTS000000505136,1,1,-8,4,1,2,-8,-8,-8,-8,-8,-8,E12000003,1,1,1,1,1
PTS000000505140,1,1,1,4,1,3,3,2,8,-8,1,1,E12000003,1,1,3,2,1
PTS000000505151,-8,1,1,4,2,2,3,2,8,-8,2,5,E12000003,2,1,7,2,1
PTS000000354968,-8,1,5,4,2,2,-8,2,8,-8,2,9,E12000006,1,1,7,1,1
PTS000000304781,4,1,3,4,1,5,-8,2,9,-8,1,9,E12000003,1,1,2,1,1
PTS000000304118,2,1,1,4,1,2,3,2,9,-8,1,8,E12000003,1,1,2,2,1
PTS000000305099,2,1,-8,4,1,2,-8,1,-8,-8,-8,-8,E12000003,1,1,1,1,1
PTS000000311182,4,1,7,4,1,4,-8,2,-8,-8,1,-8,E12000008,2,1,3,1,1
PTS000000365214,1,1,1,4,3,4,3,2,5,-8,1,9,E12000003,9,1,2,2,1
PTS000000364847,1,1,2,4,1,2,2,2,8,-8,2,2,E12000003,8,1,4,1,1
PTS000000089498,1,1,2,4,1,3,1,2,2,-8,4,3,E12000004,2,1,4,2,1
PTS000000318164,-8,1,5,4,2,1,-8,2,8,-8,4,2,E12000008,1,1,7,2,1
PTS000000149020,4,1,-8,4,1,2,-8,1,-8,-8,-8,-8,E12000002,1,1,1,1,1
PTS000000398389,1,1,1,4,1,1,3,2,8,-8,1,2,E12000002,2,1,3,1,1
PTS000000423167,1,1,1,4,1,2,4,2,3,-8,2,2,E12000002,2,1,6,2,1
PTS000000131174,4,1,7,4,2,4,-8,2,5,-8,1,7,E12000005,1,1,2,1,1
PTS000000229137,1,1,1,4,1,1,3,2,7,-8,1,1,E12000008,1,1,4,2,1
PTS000000190156,-8,1,5,4,1,2,-8,2,5,-8,2,9,E12000009,2,1,7,1,1
PTS000000229882,2,1,1,3,2,1,3,2,8,-8,1,4,E12000008,2,1,5,2,1
PTS000000082469,4,1,1,4,2,2,3,2,5,-8,2,9,E12000006,1,1,3,2,1
PTS000000466537,4,2,1,4,1,2,3,2,6,-8,2,8,E12000005,1,1,3,2,1
PTS000000468982,3,1,-8,4,1,3,-8,-8,-8,-8,-8,-8,E12000006,1,1,1,2,1
PTS000000399623,1,1,1,4,1,2,3,2,7,-8,1,5,E12000005,1,1,2,2,1
PTS000000141687,4,1,1,4,2,2,3,2,5,-8,2,7,E12000009,2,1,6,1,1
PTS000000465926,1,2,2,4,2,5,3,2,9,E13000001,1,3,E12000007,5,1,4,1,1
PTS000000466351,2,2,1,4,1,2,3,2,2,E13000001,2,8,E12000007,1,1,3,2,1
PTS000000464229,1,1,1,4,2,1,3,2,7,E13000001,1,2,E12000007,1,1,3,2,1
PTS000000465855,2,2,1,4,1,5,4,2,7,E13000001,1,2,E12000007,1,1,3,1,1
PTS000000170519,3,1,-8,4,1,2,-8,-8,-8,-8,-8,-8,E12000004,2,1,1,2,1
PTS000000266937,1,1,-8,4,1,2,-8,1,-8,-8,-8,-8,E12000008,1,1,1,1,1
PTS000000266581,3,1,7,4,3,2,-8,2,-8,-8,2,-8,E12000008,1,1,3,1,1
PTS000000385070,1,2,1,1,2,2,3,2,7,-8,2,2,E12000006,6,1,4,1,1
PTS000000554663,2,1,1,4,2,2,3,2,2,-8,2,2,E12000002,9,1,4,2,1
PTS000000127887,-8,2,5,4,2,2,-8,2,7,-8,2,4,E12000008,2,1,7,1,1
PTS000000128335,2,1,-8,4,1,4,-8,1,-8,-8,-8,-8,E12000008,1,1,1,2,1
PTS000000221392,-8,1,5,4,1,2,-8,2,8,-8,2,2,E12000008,2,1,7,1,1
PTS000000046349,1,1,-8,4,1,3,-8,1,-8,-8,-8,-8,E12000002,1,1,1,2,1
PTS000000029842,3,2,-8,4,1,2,-8,1,-8,-8,-8,-8,E12000009,9,1,1,2,1
PTS000000042851,2,1,-8,3,1,3,-8,1,-8,-8,-8,-8,E12000009,1,1,1,2,1
PTS000000030228,-8,1,5,4,2,4,-8,2,4,-8,5,5,E12000005,2,1,7,2,1
PTS000000326560,1,2,6,3,1,4,-8,1,-8,-8,1,-8,E12000002,2,1,2,2,1
PTS000000043359,2,2,3,5,2,2,-8,2,-8,-8,2,-8,E12000008,6,1,5,1,1
PTS000000327292,-8,1,5,4,2,2,-8,2,6,-8,2,6,E12000002,2,1,7,2,1
PTS000000224308,2,1,-8,4,1,2,-8,-8,-8,-8,-8,-8,E12000006,1,1,1,2,1
PTS000000121978,-8,1,5,4,4,5,-8,2,-8,-8,1,-8,E12000002,2,1,7,2,1
PTS000000547300,1,1,5,4,5,2,-8,2,9,-8,2,2,E12000003,2,1,6,2,1
PTS000000401973,2,1,8,4,4,2,-8,2,5,E13000002,2,7,E12000007,9,1,4,1,1
PTS000000402589,1,1,-8,4,1,2,-8,-8,-8,E13000002,-8,-8,E12000007,6,1,1,2,1
PTS000000577385,4,1,-8,4,1,2,-8,1,-8,-8,-8,-8,E12000001,2,1,1,1,1
PTS000000065729,2,1,-8,4,1,4,-8,-8,-8,-8,-8,-8,E12000004,2,1,1,2,1
PTS000000065316,2,1,1,4,1,3,3,2,5,-8,1,8,E12000004,1,1,3,1,1
PTS000000139343,-8,1,5,4,1,4,-8,2,7,-8,2,3,E12000009,1,1,7,1,1
PTS000000102388,1,1,1,4,1,2,3,2,7,-8,1,3,E12000006,1,1,2,1,1
PTS000000066014,-8,1,5,4,1,3,-8,2,-8,-8,4,-8,E12000008,9,1,7,2,1
PTS000000327374,1,1,-8,4,1,4,-8,-8,-8,-8,-8,-8,E12000002,2,1,1,1,1
PTS000000224763,1,1,1,4,1,4,2,2,8,-8,4,2,E12000006,1,1,4,1,1
PTS000000211371,1,1,6,4,1,3,-8,2,-8,-8,1,-8,E12000004,1,1,2,1,1
PTS000000211434,1,1,5,4,1,2,-8,2,5,-8,2,2,E12000004,1,1,6,2,1
PTS000000210810,2,1,-8,4,1,2,-8,1,-8,-8,-8,-8,E12000004,2,1,1,2,1
PTS000000379753,1,-8,-8,-8,-8,3,-8,1,-8,-8,1,-8,E12000002,-8,1,2,1,2
PTS000000097481,2,1,1,4,2,4,3,2,9,-8,1,6,E12000008,2,1,3,1,1
PTS000000096625,4,2,1,4,1,2,4,2,5,-8,2,8,E12000008,2,1,3,2,1
PTS000000320799,3,2,1,4,2,2,3,2,5,-8,1,8,E12000006,2,1,4,2,1
PTS000000010499,3,1,1,4,2,4,3,2,7,-8,1,2,E12000004,1,1,3,2,1
PTS000000247801,4,2,3,2,1,3,-8,2,5,-8,1,1,E12000008,2,1,4,2,1
PTS000000107718,-8,1,5,4,1,1,-8,2,8,-8,5,3,E12000008,2,1,7,2,1
PTS000000382392,3,1,6,4,2,3,-8,1,-8,-8,1,-8,E12000009,1,1,2,2,1
PTS000000210454,2,1,1,4,1,3,3,2,7,-8,1,3,E12000006,1,1,3,1,1
PTS000000287204,4,2,8,1,4,1,-8,2,6,-8,3,8,E12000002,9,1,6,2,1
PTS000000044256,1,1,1,4,2,2,3,2,5,-8,1,9,E12000008,1,1,2,2,1
PTS000000287370,4,-8,-8,-8,-8,2,-8,1,-8,-8,1,-8,E12000002,-8,1,2,2,2
PTS000000287139,2,1,1,4,3,3,3,2,8,-8,1,6,E12000002,2,1,3,1,1
PTS000000225732,-8,1,5,4,2,2,-8,2,-8,-8,2,-8,E12000008,2,1,7,2,1
PTS000000206904,2,1,1,4,1,2,3,2,5,-8,2,3,E12000002,2,1,6,2,1
PTS000000207709,1,1,1,4,1,2,3,2,8,-8,2,2,E12000002,2,1,5,2,1
PTS000000206931,1,1,2,4,3,1,3,2,7,-8,4,2,E12000002,9,1,5,2,1
PTS000000345839,1,1,1,4,3,1,3,2,7,-8,1,1,E12000009,2,1,5,2,1
PTS000000090435,2,1,4,4,1,2,-8,1,-8,-8,1,-8,E12000004,2,1,2,1,1
PTS000000090525,2,2,3,4,2,2,-8,2,7,-8,5,9,E12000004,2,1,6,1,1
PTS000000487124,2,-8,-8,-8,-8,2,-8,1,-8,-8,1,-8,E12000009,-8,1,2,2,2
PTS000000190678,-8,1,2,4,2,2,2,2,5,-8,2,1,E12000009,2,1,6,1,1
PTS000000162425,1,2,-8,4,1,2,-8,1,-8,-8,-8,-8,E12000006,2,1,1,2,1
PTS000000006704,-8,1,5,4,4,2,-8,2,6,-8,2,5,E12000006,2,1,7,2,1
PTS000000512773,1,1,2,4,3,3,3,2,8,-8,4,1,E12000009,2,1,6,2,1
PTS000000161269,2,2,6,2,1,2,-8,1,-8,-8,1,-8,E12000006,2,1,2,2,1
PTS000000450033,4,1,-8,4,1,2,-8,1,-8,-8,-8,-8,E12000005,2,1,1,2,1
PTS000000062736,4,1,1,3,1,5,3,2,7,E13000002,1,5,E12000007,1,1,5,2,1
PTS000000098652,2,2,1,4,2,4,3,2,5,-8,1,1,E12000006,8,1,5,1,1
PTS000000512360,1,-8,-8,-8,-8,2,-8,1,-8,-8,-8,-8,E12000009,-8,1,1,1,2
PTS000000451902,-8,1,5,4,1,2,-8,2,-8,-8,2,-8,E12000005,2,1,7,2,1
PTS000000512085,-8,2,5,4,3,1,-8,2,7,-8,4,4,E12000009,2,1,7,1,1
PTS000000202929,-8,1,5,4,2,2,-8,2,5,-8,2,8,E12000008,2,1,7,2,1
PTS000000583687,2,1,6,4,1,5,-8,1,9,-8,1,3,E12000003,1,1,2,1,1
PTS000000045263,2,1,1,4,1,2,3,2,2,-8,3,3,E12000009,1,1,5,2,1
PTS000000045524,-8,1,5,4,1,2,-8,2,2,-8,2,8,E12000009,2,1,7,1,1
PTS000000158925,4,2,7,4,3,4,-8,2,8,-8,4,3,E12000009,2,1,5,1,1
PTS000000246653,2,1,-8,4,1,4,-8,1,-8,-8,-8,-8,E12000002,1,1,1,1,1
PTS000000070901,4,1,-8,4,1,2,-8,1,-8,-8,-8,-8,E12000001,9,1,1,2,1
PTS000000384609,2,1,1,4,1,1,3,2,8,-8,1,2,E12000009,1,1,3,2,1
PTS000000342016,3,1,1,4,4,3,4,2,5,-8,1,7,E12000008,1,1,2,1,1
PTS000000182958,3,2,1,4,2,2,3,2,2,-8,2,5,E12000002,2,1,4,2,1
PTS000000182879,1,1,1,4,1,2,3,2,7,-8,2,1,E12000002,1,1,4,2,1
PTS000000152012,1,2,2,1,1,2,4,2,8,-8,2,2,E12000002,4,1,4,2,1
PTS000000568839,4,2,1,2,1,4,4,2,7,E13000002,4,6,E12000007,2,1,5,1,1
PTS000000566893,2,-8,-8,-8,-8,2,-8,1,-8,E13000002,1,-8,E12000007,-8,1,2,1,2
PTS000000093116,2,2,1,1,2,2,3,2,6,-8,2,1,E12000005,1,1,4,2,1
PTS000000102417,2,1,2,4,2,2,1,2,4,-8,2,7,E12000006,2,1,5,1,1
PTS000000044651,2,1,-8,4,2,2,-8,1,-8,-8,-8,-8,E12000006,2,1,1,2,1
PTS000000044545,1,1,1,4,1,1,4,2,7,-8,4,1,E12000006,2,1,4,2,1
PTS000000188637,2,1,1,4,2,2,2,2,8,-8,2,6,E12000009,2,1,6,2,1
PTS000000152369,1,1,-8,4,1,2,-8,1,-8,-8,-8,-8,E12000002,1,1,1,1,1
PTS000000148535,3,1,6,4,1,4,-8,1,-8,-8,1,-8,E12000002,9,1,2,1,1
PTS000000193595,2,1,-8,4,1,4,-8,1,-8,-8,-8,-8,E12000009,1,1,1,2,1
PTS000000140366,3,1,-8,4,2,3,-8,-8,-8,-8,-8,-8,E12000009,1,1,1,2,1
PTS000000138790,3,1,7,4,4,3,-8,2,5,-8,4,9,E12000009,1,1,6,1,1
PTS000000074721,2,1,1,4,1,2,3,2,7,-8,2,3,E12000006,2,1,6,2,1
PTS000000031242,-8,1,7,4,1,2,-8,2,8,-8,2,2,E12000005,9,1,7,1,1
PTS000000221745,3,2,6,4,2,4,-8,1,-8,-8,1,-8,E12000008,1,1,2,1,1
PTS000000604155,2,2,1,1,1,2,2,2,5,-8,2,9,E12000008,2,1,5,2,1
PTS000000008641,3,1,1,4,1,4,3,2,7,-8,1,1,E12000003,2,1,3,2,1
PTS000000224802,2,1,4,4,2,2,2,1,5,-8,2,9,E12000006,1,1,4,1,1
PTS000000034556,2,1,1,4,1,2,3,2,8,-8,1,2,E12000002,2,1,2,1,1
PTS000000100686,-8,2,1,4,1,-8,4,2,4,-8,2,2,E12000001,1,1,4,2,3
PTS000000351068,1,2,1,5,1,2,2,2,8,-8,2,4,E12000006,1,1,3,1,1
PTS000000260682,3,1,1,4,2,3,4,2,7,-8,1,1,E12000003,1,1,3,2,1
PTS000000471597,1,1,1,4,1,2,2,2,8,-8,2,2,E12000003,2,1,6,1,1
PTS000000514760,1,1,-8,4,1,2,-8,1,-8,-8,-8,-8,E12000009,2,1,1,2,1
PTS000000508225,2,1,1,4,1,2,3,2,6,E13000002,2,3,E12000007,2,1,4,2,1
PTS000000025584,1,2,1,4,1,2,3,2,7,-8,2,2,E12000005,2,1,3,2,1
PTS000000030003,3,1,2,4,1,2,4,2,5,-8,2,5,E12000009,1,1,5,2,1
PTS000000029930,4,1,-8,4,1,3,-8,-8,-8,-8,-8,-8,E12000009,1,1,1,1,1
PTS000000073457,1,2,1,4,2,3,3,2,4,-8,1,3,E12000006,1,1,3,2,1
PTS000000028176,4,1,-8,4,1,3,-8,1,-8,-8,-8,-8,E12000008,1,1,1,1,1
PTS000000182404,2,1,1,4,2,2,3,2,4,-8,2,5,E12000008,3,1,4,2,1
PTS000000556815,2,2,1,2,1,1,3,2,8,E13000002,1,3,E12000007,2,1,3,2,1
PTS000000114179,2,1,1,4,1,2,3,2,7,-8,2,2,E12000001,1,1,4,2,1
PTS000000162812,1,1,1,4,1,4,4,2,8,-8,4,2,E12000006,2,1,5,1,1
PTS000000503138,2,2,1,4,2,1,3,2,4,E13000001,4,2,E12000007,1,1,4,1,1
PTS000000158687,2,1,6,4,2,1,-8,2,5,-8,1,1,E12000009,1,1,3,1,1
PTS000000454652,4,2,7,1,2,2,-8,2,5,-8,2,7,E12000006,6,1,3,1,1
PTS000000235203,3,1,1,4,2,3,3,2,3,-8,1,5,E12000008,1,1,4,2,1
PTS000000227507,-8,1,5,4,2,2,-8,2,8,-8,2,3,E12000002,1,1,7,2,1
PTS000000438208,2,1,2,4,2,2,3,2,4,-8,1,5,E12000005,1,1,3,2,1
PTS000000438009,3,1,1,4,2,3,3,2,4,-8,1,5,E12000005,1,1,5,2,1
PTS000000535058,2,1,1,4,2,4,3,2,5,-8,1,5,E12000003,1,1,2,2,1
PTS000000408979,3,1,7,4,1,3,-8,2,8,E13000002,1,6,E12000007,1,1,4,1,1
PTS000000355054,4,1,1,4,2,4,3,2,8,-8,1,6,E12000006,9,1,5,1,1
PTS000000355743,2,1,1,4,1,2,3,2,8,-8,2,1,E12000006,1,1,4,2,1
PTS000000206471,2,1,1,4,1,2,3,2,8,-8,2,3,E12000005,1,1,4,1,1
PTS000000206669,2,2,6,2,1,3,-8,1,7,-8,1,9,E12000005,9,1,3,1,1
PTS000000212949,3,2,1,4,2,3,3,2,5,-8,4,4,E12000005,2,1,4,1,1
PTS000000046021,3,1,1,4,1,3,2,2,8,-8,1,6,E12000009,1,1,3,1,1
PTS000000007808,2,2,1,4,2,3,3,2,2,-8,4,7,E12000003,2,1,5,1,1
PTS000000106247,4,1,1,4,2,2,3,2,8,-8,2,6,E12000009,2,1,6,1,1
PTS000000013965,2,1,1,4,1,2,3,2,5,-8,2,2,E12000008,1,1,3,1,1
PTS000000522788,1,-8,-8,-8,-8,2,-8,1,-8,-8,-8,-8,E12000008,-8,1,1,1,2
PTS000000172478,4,1,-8,4,1,2,-8,1,-8,-8,-8,-8,E12000002,1,1,1,2,1
PTS000000468605,-8,1,8,4,1,4,-8,2,-8,-8,1,-8,E12000006,9,1,4,2,1
PTS000000344166,4,1,8,4,3,2,-8,2,5,-8,2,6,E12000008,1,1,3,1,1
PTS000000132144,3,1,5,4,1,3,-8,2,8,-8,4,1,E12000008,2,1,7,1,1
PTS000000131907,2,1,1,4,2,3,3,2,6,-8,4,2,E12000008,1,1,4,2,1
PTS000000244557,4,1,-8,4,1,4,-8,-8,-8,-8,-8,-8,E12000008,1,1,1,1,1
PTS000000244535,2,1,1,4,2,1,3,2,5,-8,1,4,E12000008,2,1,5,2,1
PTS000000338419,2,1,1,4,1,2,3,2,2,-8,2,1,E12000008,1,1,5,2,1
PTS000000123409,1,2,1,4,1,3,4,2,6,E13000001,1,2,E12000007,2,1,3,2,1
PTS000000123345,1,1,-8,4,1,2,-8,1,-8,E13000001,-8,-8,E12000007,2,1,1,1,1
PTS000000094186,1,1,1,4,1,2,2,2,5,-8,2,2,E12000004,1,1,3,1,1
PTS000000390178,-8,1,1,4,1,1,1,2,5,-8,4,3,E12000004,2,1,7,1,1
PTS000000101085,1,1,9,4,2,2,-8,2,8,-8,2,6,E12000004,2,1,6,1,1
PTS000000290265,3,1,1,4,4,4,2,2,8,-8,4,3,E12000004,2,1,5,1,1
PTS000000515615,4,1,7,4,2,2,-8,2,2,-8,2,3,E12000006,1,1,3,1,1
PTS000000002556,-8,1,2,4,2,2,2,2,5,-8,2,1,E12000008,1,1,7,2,1
PTS000000494624,4,2,7,1,3,2,-8,2,-8,E13000001,2,-8,E12000007,6,1,7,1,1
PTS000000192664,-8,1,5,4,2,2,-8,2,6,-8,2,7,E12000009,2,1,7,2,1
PTS000000548178,-8,1,5,4,2,2,-8,2,8,-8,2,2,E12000003,2,1,7,2,1
PTS000000420042,4,1,2,4,2,3,2,2,7,-8,1,5,E12000004,9,1,4,2,1
PTS000000350151,4,2,8,4,2,1,-8,2,5,-8,1,9,E12000006,1,1,4,1,1
PTS000000363872,4,1,1,4,2,1,3,2,3,-8,4,8,E12000003,1,1,6,1,1
PTS000000420725,-8,1,5,4,3,5,-8,2,8,-8,5,4,E12000004,2,1,6,1,1
PTS000000016765,4,1,8,4,4,3,-8,2,7,-8,1,7,E12000004,1,1,2,1,1
PTS000000476243,1,2,6,1,1,2,-8,1,-8,E13000002,1,-8,E12000007,4,1,2,1,1
PTS000000339557,3,1,-8,4,1,2,-8,1,-8,-8,-8,-8,E12000008,9,1,1,2,1
PTS000000547740,4,1,8,4,5,3,-8,2,8,-8,1,6,E12000003,1,1,4,1,1
PTS000000547443,2,1,5,4,2,2,-8,2,6,-8,2,2,E12000003,2,1,7,2,1
PTS000000477268,2,1,2,4,1,2,3,2,8,E13000002,1,2,E12000007,2,1,3,1,1
PTS000000339832,2,1,1,4,2,2,3,2,3,-8,2,8,E12000008,2,1,6,2,1
PTS000000132448,-8,2,1,4,2,4,3,2,2,-8,1,5,E12000004,2,1,5,2,1
PTS000000133346,2,1,2,4,2,2,4,2,8,-8,2,6,E12000004,2,1,6,1,1
PTS000000163766,2,1,-8,4,1,2,-8,1,-8,-8,-8,-8,E12000006,1,1,1,2,1
PTS000000065726,2,1,-8,4,1,2,-8,1,-8,-8,-8,-8,E12000004,9,1,1,2,1
PTS000000065646,1,1,2,4,4,2,4,2,2,-8,2,3,E12000004,2,1,4,1,1
PTS000000065448,2,1,-8,4,1,2,-8,1,-8,-8,-8,-8,E12000004,2,1,1,1,1
PTS000000065227,-8,1,5,4,3,2,-8,2,9,-8,2,4,E12000004,2,1,7,1,1
PTS000000293427,2,1,1,4,2,2,3,2,7,-8,2,3,E12000006,1,1,4,1,1
PTS000000355574,4,1,1,4,2,3,3,2,8,-8,1,6,E12000006,1,1,4,1,1
PTS000000065390,1,1,1,4,2,2,2,2,8,-8,2,1,E12000004,2,1,5,1,1
PTS000000554574,1,1,-8,4,2,2,-8,-8,-8,-8,-8,-8,E12000002,2,1,1,1,1
PTS000000502773,2,2,1,4,1,2,4,2,8,E13000001,2,2,E12000007,1,1,4,2,1
PTS000000293384,4,1,1,4,2,3,1,2,5,-8,1,9,E12000006,1,1,3,2,1
PTS000000287346,2,1,2,4,1,1,3,2,6,-8,1,1,E12000002,2,1,2,2,1
PTS000000333351,-8,1,5,4,2,2,-8,2,8,-8,2,4,E12000008,2,1,7,1,1
PTS000000011087,2,2,2,4,2,2,1,2,7,-8,2,9,E12000002,2,1,5,1,1
PTS000000541403,1,1,1,4,1,2,3,2,7,E13000002,2,2,E12000007,2,1,4,2,1
PTS000000058040,2,1,-8,4,2,2,-8,1,-8,-8,-8,-8,E12000001,1,1,1,1,1
PTS000000327979,2,1,-8,4,1,3,-8,1,-8,-8,-8,-8,E12000005,2,1,1,2,1
PTS000000390546,2,1,1,4,2,2,4,2,5,-8,2,7,E12000004,1,1,3,1,1
PTS000000042059,1,1,1,4,1,2,3,2,3,-8,2,2,E12000003,9,1,4,2,1
PTS000000053779,4,2,4,1,2,3,3,1,8,-8,1,6,E12000009,2,1,3,1,1
PTS000000041848,2,1,1,4,2,3,2,2,8,-8,1,6,E12000003,1,1,3,1,1
PTS000000430909,4,1,1,4,3,4,3,2,5,-8,4,9,E12000003,1,1,5,1,1
PTS000000385783,2,2,1,4,2,2,3,2,7,-8,2,3,E12000006,1,1,4,2,1
PTS000000318363,3,1,-8,4,1,4,-8,1,-8,-8,-8,-8,E12000008,1,1,1,2,1
PTS000000519087,-8,1,5,4,1,2,-8,2,8,-8,2,4,E12000001,2,1,7,1,1
PTS000000538610,3,1,1,4,1,4,2,2,8,-8,1,6,E12000002,1,1,4,1,1
PTS000000298624,3,1,1,4,1,4,3,2,2,-8,1,8,E12000003,1,1,2,2,1
PTS000000098815,2,1,9,4,1,4,-8,2,7,-8,1,7,E12000001,1,1,2,1,1
PTS000000441691,1,1,-8,4,1,4,-8,-8,-8,-8,-8,-8,E12000005,2,1,1,1,1
PTS000000265157,1,1,1,4,2,3,4,2,2,-8,4,1,E12000005,1,1,5,2,1
PTS000000502059,1,1,1,4,1,1,4,2,7,E13000001,1,1,E12000007,1,1,3,2,1
PTS000000188892,3,1,2,4,1,2,1,2,9,-8,2,3,E12000009,1,1,4,1,1
PTS000000307055,2,1,2,4,2,3,1,2,7,-8,1,3,E12000009,2,1,5,1,1
PTS000000193777,1,1,-8,4,2,2,-8,1,-8,-8,-8,-8,E12000009,2,1,1,1,1
PTS000000457783,3,2,6,3,2,2,-8,2,-8,-8,2,-8,E12000005,2,1,3,1,1
PTS000000287833,1,1,1,4,2,2,3,2,8,-8,2,2,E12000002,1,1,4,1,1
PTS000000028671,2,1,-8,4,1,2,-8,1,-8,-8,-8,-8,E12000003,2,1,1,1,1
PTS000000496983,1,1,1,4,1,3,3,2,7,E13000001,1,1,E12000007,2,1,3,2,1
PTS000000550285,2,1,2,4,1,2,2,2,4,-8,2,5,E12000006,2,1,6,2,1
PTS000000198916,3,2,1,4,1,2,2,2,6,-8,2,8,E12000008,2,1,4,2,1
PTS000000222952,-8,2,5,4,2,1,-8,2,9,-8,4,4,E12000008,2,1,7,1,1
PTS000000328295,3,1,1,4,1,4,2,2,8,-8,1,6,E12000005,2,1,2,1,1
PTS000000199923,1,2,-8,1,1,2,-8,1,-8,-8,-8,-8,E12000008,2,1,1,1,1
PTS000000317644,-8,1,1,4,1,2,2,2,5,-8,2,9,E12000009,1,1,7,2,1
PTS000000330347,1,1,1,2,1,2,2,2,2,-8,2,2,E12000005,2,1,3,1,1
PTS000000015131,2,1,1,4,1,2,3,2,4,-8,2,4,E12000002,2,1,5,2,1
PTS000000332768,2,1,1,4,2,3,3,2,5,-8,1,4,E12000005,2,1,3,1,1
PTS000000537430,2,1,-8,1,1,2,-8,1,-8,-8,-8,-8,E12000004,9,1,1,1,1
PTS000000141975,2,1,1,4,2,2,3,2,4,-8,2,1,E12000009,2,1,5,2,1
PTS000000430312,4,1,1,4,1,1,3,2,2,-8,1,8,E12000003,1,1,4,2,1
PTS000000139742,1,1,1,4,2,1,3,2,6,-8,1,2,E12000009,2,1,3,2,1
PTS000000584153,4,1,8,4,2,3,-8,2,4,-8,1,8,E12000003,1,1,3,2,1
PTS000000208866,-8,1,5,4,2,2,-8,2,6,-8,2,1,E12000005,9,1,7,2,1
PTS000000363274,2,1,-8,4,1,3,-8,-8,-8,-8,-8,-8,E12000006,1,1,1,1,1
PTS000000602142,2,1,1,4,1,3,3,2,4,-8,1,5,E12000003,1,1,2,2,1
PTS000000480637,1,1,2,4,1,2,3,2,5,-8,2,7,E12000008,2,1,3,1,1
PTS000000558795,1,1,1,4,1,2,2,2,7,-8,2,2,E12000001,2,1,4,1,1
PTS000000407524,2,1,1,1,2,3,3,2,8,E13000002,1,2,E12000007,6,1,3,1,1
PTS000000555540,2,2,9,1,1,2,-8,2,7,E13000002,2,4,E12000007,6,1,4,2,1
PTS000000010588,2,1,-8,4,1,3,-8,1,-8,-8,-8,-8,E12000004,1,1,1,1,1
PTS000000564031,2,1,1,4,1,2,3,2,8,-8,2,2,E12000003,2,1,5,1,1
PTS000000380178,2,1,1,4,2,2,3,2,5,-8,2,4,E12000002,2,1,3,2,1
PTS000000206427,2,1,1,4,1,3,3,2,8,-8,1,2,E12000005,1,1,3,1,1
PTS000000298698,4,1,7,1,1,4,-8,2,8,-8,1,6,E12000003,6,1,3,1,1
PTS000000094042,2,1,1,4,2,1,2,2,5,-8,5,3,E12000004,1,1,6,1,1
PTS000000483624,2,1,2,4,1,3,2,2,7,E13000002,1,1,E12000007,1,1,3,2,1
PTS000000263861,2,1,-8,4,1,2,-8,-8,-8,-8,-8,-8,E12000005,2,1,1,1,1
PTS000000472701,1,1,1,4,1,3,4,2,7,-8,2,1,E12000003,1,1,5,2,1
PTS000000561341,-8,1,5,4,3,1,-8,2,8,-8,5,2,E12000003,2,1,7,1,1
PTS000000436436,1,1,1,4,1,1,3,2,8,-8,1,2,E12000008,1,1,3,1,1
PTS000000285463,2,1,1,3,2,4,3,2,8,-8,1,3,E12000002,2,1,3,1,1
PTS000000389699,1,1,1,4,2,2,2,2,5,-8,2,7,E12000004,1,1,3,1,1
PTS000000036071,4,1,-8,4,2,4,-8,-8,-8,-8,-8,-8,E12000008,1,1,1,2,1
PTS000000454598,1,2,2,5,1,2,3,2,6,-8,2,2,E12000006,6,1,5,2,1
PTS000000025497,3,1,1,4,3,3,3,2,3,-8,1,8,E12000005,1,1,5,2,1
PTS000000384728,4,1,1,4,2,4,1,2,8,-8,1,9,E12000009,9,1,3,1,1
PTS000000550489,-8,1,5,4,1,1,-8,2,4,-8,5,5,E12000006,1,1,7,2,1
PTS000000531991,1,2,2,4,1,2,3,2,8,E13000002,2,2,E12000007,1,1,5,2,1
PTS000000486758,2,1,1,4,1,5,3,2,7,E13000001,1,3,E12000007,1,1,3,1,1
PTS000000538053,1,1,1,4,1,2,3,2,7,-8,2,2,E12000004,1,1,5,2,1
PTS000000577551,2,1,1,4,2,4,3,2,7,-8,1,1,E12000001,2,1,4,1,1
PTS000000380945,2,1,2,4,1,3,3,2,7,-8,1,2,E12000002,9,1,2,1,1
PTS000000189873,1,1,-8,4,1,2,-8,-8,-8,-8,-8,-8,E12000009,2,1,1,2,1
PTS000000577564,3,1,1,4,1,3,3,2,2,-8,1,8,E12000001,2,1,3,2,1
PTS000000212994,-8,1,1,4,2,2,2,2,5,-8,2,7,E12000005,2,1,6,1,1
PTS000000290296,1,1,1,4,2,2,3,2,7,-8,2,2,E12000004,2,1,5,2,1
PTS000000423268,2,2,-8,2,2,1,-8,-8,-8,-8,-8,-8,E12000002,2,1,1,2,3
PTS000000404972,2,1,7,4,1,2,-8,2,5,-8,2,2,E12000006,1,1,3,2,1
PTS000000361556,4,1,8,4,5,1,-8,2,5,-8,1,7,E12000006,9,1,4,2,1
PTS000000302104,-8,1,8,4,4,-8,-8,2,4,-8,3,5,E12000002,9,2,3,2,1
PTS000000139556,-8,1,5,4,2,1,-8,2,5,-8,5,7,E12000009,2,1,7,1,1
PTS000000252625,4,1,1,4,2,2,3,2,2,-8,2,9,E12000004,9,1,5,2,1
PTS000000504221,4,2,8,4,3,1,-8,2,4,E13000001,1,5,E12000007,8,1,2,2,1
PTS000000294457,2,1,1,4,1,3,3,2,8,-8,1,7,E12000003,1,1,3,2,1
PTS000000082668,2,1,-8,4,1,3,-8,-8,-8,-8,-8,-8,E12000006,1,1,1,2,1
PTS000000149275,-8,1,5,4,2,2,-8,2,8,-8,2,2,E12000002,2,1,7,1,1
PTS000000467596,1,1,1,4,1,2,2,2,8,-8,2,2,E12000005,1,1,3,1,1
PTS000000604338,1,1,1,5,1,1,3,2,8,-8,1,2,E12000008,9,1,3,2,1
PTS000000157452,4,2,1,4,1,2,2,2,7,-8,2,9,E12000009,2,1,4,1,1
PTS000000215383,1,1,1,4,2,3,3,2,8,-8,1,2,E12000005,1,1,3,1,1
PTS000000032043,1,1,2,4,1,2,3,2,7,-8,2,1,E12000008,1,1,5,2,1
PTS000000100188,4,1,-8,4,1,2,-8,1,-8,-8,-8,-8,E12000001,1,1,1,2,1
PTS000000099687,4,1,-8,3,3,4,-8,1,-8,-8,-8,-8,E12000001,1,1,1,2,1
PTS000000099640,1,1,-8,4,1,2,-8,-8,-8,-8,-8,-8,E12000001,1,1,1,2,1
PTS000000099668,4,1,1,4,1,2,3,2,5,-8,1,7,E12000001,2,1,2,1,1
PTS000000100103,2,-8,-8,-8,-8,1,-8,1,-8,-8,-8,-8,E12000001,-8,1,1,2,2
PTS000000098801,2,1,1,4,1,4,1,2,8,-8,1,6,E12000001,1,1,3,1,1
PTS000000100070,1,1,2,4,3,3,3,2,8,-8,2,2,E12000001,1,1,5,1,1
PTS000000113042,3,1,-8,4,1,2,-8,1,-8,-8,-8,-8,E12000001,2,1,1,1,1
PTS000000113799,4,1,8,4,4,1,-8,2,5,-8,4,7,E12000001,9,1,4,2,1
PTS000000113877,2,1,1,4,2,3,3,2,8,-8,1,6,E12000001,1,1,3,1,1
PTS000000113952,1,1,-8,4,3,2,-8,1,-8,-8,-8,-8,E12000001,2,1,1,1,1
PTS000000114047,2,1,1,4,2,2,3,2,5,-8,2,3,E12000001,1,1,5,2,1
PTS000000377939,1,2,7,4,1,2,-8,2,8,-8,2,3,E12000002,2,1,6,1,1
PTS000000377435,4,1,8,4,4,4,-8,2,5,-8,5,4,E12000002,1,1,5,1,1
PTS000000148359,2,1,-8,4,1,4,-8,1,-8,-8,-8,-8,E12000002,1,1,1,2,1
PTS000000150078,-8,1,5,4,2,2,-8,2,6,-8,2,8,E12000002,2,1,7,2,1
PTS000000152051,2,1,2,4,1,2,2,2,8,-8,2,2,E12000002,2,1,5,1,1
PTS000000149888,3,1,2,4,1,3,3,2,6,-8,1,8,E12000002,1,1,3,2,1
PTS000000149496,-8,1,5,4,3,5,-8,2,7,-8,4,9,E12000002,1,1,7,1,1
PTS000000150122,2,1,1,4,2,4,2,2,5,-8,1,7,E12000002,2,1,4,1,1
PTS000000379308,1,1,5,4,1,2,-8,2,8,-8,2,2,E12000002,2,1,6,1,1
PTS000000150084,1,1,1,4,1,2,3,2,7,-8,2,1,E12000002,1,1,4,1,1
PTS000000378647,4,1,1,4,1,2,3,2,5,-8,2,9,E12000002,2,1,6,2,1
PTS000000150381,-8,1,5,4,3,2,-8,2,9,-8,2,4,E12000002,2,1,7,1,1
PTS000000151279,4,1,1,4,2,4,3,2,8,-8,1,9,E12000002,1,1,4,2,1
PTS000000151762,2,1,1,4,1,2,1,2,8,-8,2,9,E12000002,1,1,5,1,1
PTS000000150452,2,1,-8,4,1,2,-8,-8,-8,-8,-8,-8,E12000002,2,1,1,2,1
PTS000000380088,-8,1,5,4,2,2,-8,2,2,-8,2,5,E12000002,2,1,7,2,1
PTS000000380226,-8,1,1,4,3,2,3,2,5,-8,2,1,E12000002,2,1,7,2,1
PTS000000380415,3,1,2,4,2,2,1,2,9,-8,2,6,E12000002,1,1,5,1,1
PTS000000327047,1,1,5,4,1,2,-8,2,5,-8,2,1,E12000002,2,1,6,1,1
PTS000000327099,4,1,3,4,2,4,-8,2,7,-8,4,6,E12000002,2,1,6,1,1
PTS000000327161,2,1,1,4,1,2,3,2,5,-8,1,9,E12000002,2,1,2,1,1
PTS000000327061,2,1,1,4,1,3,3,2,5,-8,4,5,E12000002,2,1,6,1,1
PTS000000539335,2,1,6,4,4,2,-8,1,-8,-8,1,-8,E12000002,9,1,2,2,1
PTS000000538452,-8,1,1,4,3,2,3,2,7,-8,2,9,E12000002,2,1,7,2,1
PTS000000538493,4,1,1,4,2,2,3,2,8,-8,1,6,E12000002,1,1,2,1,1
PTS000000539658,-8,1,5,4,4,4,-8,2,-8,-8,5,-8,E12000002,2,1,7,1,1
PTS000000291913,4,2,9,1,2,2,-8,2,-8,-8,2,-8,E12000002,6,1,4,1,1
PTS000000292454,1,1,-8,4,2,2,-8,-8,-8,-8,-8,-8,E12000002,1,1,1,1,1
PTS000000292312,2,2,-8,4,1,3,-8,1,-8,-8,-8,-8,E12000002,1,1,1,1,1
PTS000000292132,4,1,1,4,1,2,3,2,2,-8,2,9,E12000002,9,1,6,2,1
PTS000000554262,-8,1,5,4,2,2,-8,2,4,-8,2,4,E12000002,9,1,7,1,1
PTS000000122047,4,1,1,4,3,1,2,2,7,-8,4,9,E12000002,2,1,4,1,1
PTS000000122001,3,1,1,4,2,4,3,2,5,-8,4,9,E12000002,2,1,5,2,1
PTS000000047112,3,1,1,4,1,2,2,2,8,-8,2,2,E12000002,1,1,3,1,1
PTS000000047034,4,1,5,4,2,2,-8,2,6,-8,2,9,E12000002,9,1,7,2,1
PTS000000046103,1,1,1,4,1,2,3,2,3,-8,2,5,E12000002,2,1,4,2,1
PTS000000046401,-8,1,1,4,2,4,3,2,7,-8,1,4,E12000002,9,1,6,2,1
PTS000000462279,2,2,4,2,1,1,-8,1,6,-8,1,9,E12000002,2,1,2,2,1
PTS000000462734,4,1,7,4,2,4,-8,2,-8,-8,2,-8,E12000002,2,1,4,1,1
PTS000000461859,3,1,1,4,1,3,2,2,5,-8,1,9,E12000002,2,1,5,1,1
PTS000000462851,2,1,1,4,1,2,3,2,8,-8,2,2,E12000002,2,1,3,1,1
PTS000000034985,-8,1,5,4,3,1,-8,2,-8,-8,5,-8,E12000002,1,1,7,1,1
PTS000000182897,-8,1,5,4,2,2,-8,2,4,-8,2,5,E12000002,2,1,7,2,1
PTS000000182816,4,1,1,4,1,3,4,2,6,-8,1,5,E12000002,1,1,3,2,1
PTS000000172061,2,1,1,1,3,3,3,2,5,-8,1,1,E12000002,6,1,4,2,1
PTS000000206809,2,1,1,4,2,3,3,2,8,-8,1,6,E12000002,1,1,3,1,1
PTS000000207460,-8,1,5,4,3,1,-8,2,8,-8,5,2,E12000002,2,1,7,1,1
PTS000000207237,3,1,2,4,2,2,1,2,7,-8,2,5,E12000002,3,1,6,2,1
PTS000000207632,1,1,2,4,1,2,3,2,7,-8,2,1,E12000002,1,1,4,2,1
PTS000000227330,-8,1,5,4,2,2,-8,2,5,-8,2,5,E12000002,2,1,7,2,1
PTS000000599292,4,1,7,4,2,4,-8,2,-8,-8,1,-8,E12000002,9,1,2,1,1
PTS000000598562,2,2,1,1,2,2,1,2,5,-8,2,7,E12000002,6,1,3,2,1
PTS000000598783,2,1,1,4,2,2,3,2,2,-8,2,1,E12000002,2,1,3,1,1
PTS000000012079,-8,1,5,4,3,2,-8,2,8,-8,2,6,E12000002,1,1,7,1,1
PTS000000011646,4,1,7,4,3,3,-8,2,5,-8,1,7,E12000002,2,1,5,1,1
PTS000000011711,3,1,-8,4,1,2,-8,1,-8,-8,-8,-8,E12000002,1,1,1,1,1
PTS000000080798,4,1,1,4,1,4,1,2,8,-8,1,9,E12000002,2,1,5,1,1
PTS000000078701,-8,1,5,4,2,3,-8,2,5,-8,4,9,E12000002,2,1,7,1,1
PTS000000079551,4,2,3,1,1,2,-8,2,5,-8,2,8,E12000002,6,1,3,2,1
PTS000000080558,3,1,2,4,2,2,3,2,4,-8,2,5,E12000002,1,1,4,2,1
PTS000000080632,4,1,-8,4,3,4,-8,1,-8,-8,-8,-8,E12000002,2,1,1,2,1
PTS000000078647,2,1,4,4,1,2,1,1,8,-8,1,9,E12000002,2,1,2,1,1
PTS000000080867,2,1,1,4,1,3,3,2,8,-8,1,2,E12000002,1,1,2,1,1
PTS000000080912,3,1,2,4,2,1,3,2,5,-8,4,1,E12000002,1,1,6,2,1
PTS000000078709,2,1,-8,4,1,2,-8,-8,-8,-8,-8,-8,E12000002,1,1,1,1,1
PTS000000144833,4,1,-8,1,2,2,-8,1,-8,-8,-8,-8,E12000002,6,1,1,2,1
PTS000000144816,-8,1,5,4,4,2,-8,2,4,-8,2,1,E12000002,9,1,7,2,1
PTS000000144113,1,2,1,1,2,2,1,2,2,-8,2,1,E12000002,6,1,2,1,1
PTS000000145111,-8,1,5,4,2,1,-8,2,7,-8,1,4,E12000002,5,1,7,2,1
PTS000000145056,4,1,3,4,2,4,-8,2,5,-8,4,9,E12000002,2,1,5,1,1
PTS000000422615,3,1,1,4,2,2,4,2,6,-8,2,8,E12000002,1,1,5,2,1
PTS000000422999,-8,1,5,4,2,2,-8,2,4,-8,2,5,E12000002,2,1,7,2,1
PTS000000422609,-8,1,2,4,2,2,4,2,4,-8,2,8,E12000002,2,1,7,2,1
PTS000000423042,-8,1,5,4,1,2,-8,2,7,-8,2,2,E12000002,1,1,7,1,1
PTS000000421388,2,1,-8,4,1,3,-8,-8,-8,-8,-8,-8,E12000002,2,1,1,2,1
PTS000000396129,1,1,-8,4,1,3,-8,1,-8,-8,-8,-8,E12000002,1,1,1,2,1
PTS000000396567,2,1,1,4,2,3,2,2,8,-8,1,6,E12000002,1,1,3,1,1
PTS000000398045,4,1,1,4,1,2,3,2,7,-8,2,7,E12000002,2,1,3,1,1
PTS000000395801,2,1,1,3,2,2,3,2,7,-8,2,2,E12000002,1,1,3,1,1
